Time,Magnitude,Latitude,Longitude,Depth,Location
2023-05-12 06:07:18,4,29.62,102.03,10,四川甘孜州泸定县
2023-05-12 04:49:57,3,29.66,102.01,9,四川甘孜州泸定县
2023-05-12 04:32:10,4.2,29.63,102.02,10,四川甘孜州泸定县
2023-05-12 02:34:04,4.5,29.64,102.04,10,四川甘孜州泸定县
2023-05-10 08:38:11,3.6,28.11,105.09,8,四川宜宾市兴文县
2023-05-08 04:06:46,3,29.72,103.26,18,四川眉山市洪雅县
2023-05-06 21:23:45,3.3,29.61,102.03,8,四川甘孜州泸定县
2023-05-06 13:01:57,3.7,29.15,105.45,10,四川泸州市泸县
2023-05-05 20:33:19,4.3,28.08,105.12,8,四川宜宾市兴文县
2023-05-05 11:32:04,3.1,25.12,98.13,12,云南德宏州盈江县
2023-05-05 10:28:39,3.2,25.14,98.11,8,云南德宏州盈江县
2023-05-04 14:06:24,3.3,28.92,102.47,15,四川雅安市石棉县
2023-05-04 10:15:28,4.9,28.14,105.12,10,四川宜宾市兴文县
2023-05-03 13:04:00,4.5,28.1,105.12,8,四川宜宾市兴文县
2023-05-03 12:08:19,4,28.12,105.15,10,四川宜宾市兴文县
2023-05-03 10:01:22,3.7,29.41,104.54,10,四川自贡市贡井区
2023-05-02 23:38:19,4.4,25.35,99.29,10,云南保山市隆阳区
2023-05-02 23:27:22,5.2,25.35,99.28,10,云南保山市隆阳区
2023-04-27 14:21:17,3.5,29.62,104.64,8,四川内江市威远县
2023-04-23 20:46:17,3.2,24.24,98.61,8,云南德宏州芒市
2023-04-19 14:16:56,3.1,22.72,100.67,5,云南普洱市思茅区
2023-04-15 02:32:03,3.2,29.63,102.03,10,四川甘孜州泸定县
2023-04-02 05:54:51,4,26.83,102.92,15,四川凉山州会东县
2023-03-31 05:49:35,3.6,29.3,100.69,13,四川甘孜州理塘县
2023-03-23 18:26:34,4.2,22.61,100.71,10,云南普洱市思茅区
2023-03-23 15:47:46,3.2,29.37,103.95,8,四川乐山市犍为县
2023-03-17 09:04:37,3.2,30.52,102.83,8,四川雅安市宝兴县
2023-03-12 23:14:57,3.1,29.43,102.14,11,四川雅安市石棉县
2023-03-04 12:49:27,3,28.42,104.84,8,四川宜宾市长宁县
2023-03-03 05:49:53,4.1,22.5,102.63,10,越南
2023-03-02 19:52:01,3.1,24.24,98.61,10,云南德宏州芒市
2023-03-01 01:58:25,3.7,23.86,99.58,10,云南临沧市耿马县
2023-03-01 00:49:57,3.3,29.62,102,8,四川甘孜州泸定县
2023-02-25 08:00:49,3,34,105.18,12,甘肃陇南市西和县
2023-02-19 02:53:05,3.4,24.32,98.09,10,云南德宏州陇川县
2023-02-13 01:23:35,3.1,29.66,102.01,12,四川甘孜州泸定县
2023-02-12 00:32:03,2.9,26.39,99.91,10,云南大理州剑川县
2023-02-04 19:10:18,3.1,28.36,104.88,11,四川宜宾市长宁县
2023-02-04 11:25:00,3.2,24.45,102.04,10,云南玉溪市峨山县
2023-02-03 00:26:52,2.8,29.61,101.99,11,四川甘孜州泸定县
2023-02-01 02:59:31,3,29.62,102.01,12,四川甘孜州泸定县
2023-01-27 16:18:20,2.1,25.04,102.64,10,云南昆明市西山区(有感)
2023-01-27 01:11:03,3.1,29.63,102,8,四川甘孜州泸定县
2023-01-26 07:21:32,4.4,29.63,101.99,14,四川甘孜州泸定县
2023-01-26 05:22:11,3.2,29.64,101.98,8,四川甘孜州泸定县
2023-01-26 05:19:07,3.3,29.66,101.96,10,四川甘孜州泸定县
2023-01-26 04:57:18,4,29.65,101.98,10,四川甘孜州泸定县
2023-01-26 04:51:09,3.6,29.61,102,11,四川甘孜州泸定县
2023-01-26 04:30:43,3.2,29.62,102.01,12,四川甘孜州泸定县
2023-01-26 04:03:25,2.9,29.63,101.99,9,四川甘孜州泸定县
2023-01-26 03:50:16,4.5,29.66,102.07,10,四川甘孜州泸定县
2023-01-26 03:49:43,5.6,29.63,102.01,11,四川甘孜州泸定县
2023-01-16 05:46:25,3,28.11,104.95,10,四川宜宾市珙县
2023-01-12 14:15:32,3,27.11,102.89,10,四川凉山州宁南县
2023-01-11 04:25:11,3.4,32.11,104.97,14,四川绵阳市江油市
2023-01-09 20:51:33,3.4,24.26,98.64,10,云南德宏州芒市
2022-12-31 17:34:34,3,24.28,98.62,8,云南德宏州芒市
2022-12-26 16:34:00,3.2,23.18,103.5,10,云南红河州蒙自市
2022-12-25 02:15:57,3.1,26.85,100.8,16,云南丽江市宁蒗县
2022-12-24 23:32:20,2.9,24.27,98.64,8,云南德宏州芒市
2022-12-17 17:50:02,3,28.21,104.73,8,四川宜宾市珙县
2022-12-15 07:18:23,4,29.3,105.49,8,重庆荣昌区
2022-12-13 13:09:27,3.4,32.35,105.23,17,四川广元市青川县
2022-12-10 15:09:17,3,29.64,101.98,10,四川甘孜州泸定县
2022-11-21 19:22:15,3.6,23.42,102.27,10,云南红河州红河县
2022-11-19 18:28:49,3.9,29.65,101.97,10,四川甘孜州泸定县
2022-11-19 01:27:34,5,23.37,102.26,8,云南红河州红河县
2022-11-18 21:23:56,4.3,29.62,102.01,14,四川甘孜州泸定县
2022-11-16 10:46:59,4.3,26.46,102.04,16,四川凉山州会理市
2022-11-14 01:28:17,2.8,29.58,101.98,11,四川甘孜州泸定县
2022-11-12 07:13:39,4.2,26.93,102.92,10,云南昭通市巧家县
2022-11-05 16:06:11,3.2,25.35,101.42,9,云南楚雄州牟定县
2022-10-24 08:13:58,3,24.26,98.94,9,云南保山市龙陵县
2022-10-24 02:58:18,3.1,24.27,98.94,9,云南保山市龙陵县
2022-10-23 20:02:57,3,28.1,104.95,8,四川宜宾市珙县
2022-10-22 13:17:01,5,29.61,102.03,12,四川甘孜州泸定县
2022-10-10 10:34:17,3.2,25.42,101.95,9,云南楚雄州元谋县
2022-10-05 03:17:26,3.7,29.39,102.21,18,四川雅安市石棉县
2022-10-04 20:44:27,3.6,28.91,102.14,15,四川凉山州冕宁县
2022-10-04 07:19:34,3.4,26.97,103.11,8,云南昭通市巧家县
2022-09-29 04:09:38,3,29.91,99.57,11,四川甘孜州巴塘县
2022-09-27 11:16:10,3.2,31.9,104.19,12,四川绵阳市北川县
2022-09-23 10:47:41,4.5,24.78,98.77,9,云南保山市龙陵县
2022-09-20 18:23:13,3.4,29.9,99.56,11,四川甘孜州巴塘县
2022-09-17 00:56:16,3.2,25.29,99.32,9,云南保山市隆阳区
2022-09-16 12:53:38,3,28.28,104.96,8,四川宜宾市兴文县
2022-09-16 02:35:44,3.2,29.91,99.58,11,四川甘孜州巴塘县
2022-09-08 15:12:02,3.3,29.78,102.01,10,四川甘孜州泸定县
2022-09-07 22:46:22,2.9,29.67,102.06,10,四川甘孜州泸定县
2022-09-07 09:46:21,3.1,29.42,102.16,9,四川雅安市石棉县
2022-09-07 08:34:35,3,29.5,102.2,12,四川甘孜州泸定县
2022-09-07 05:39:56,3.3,29.8,101.99,8,四川甘孜州泸定县
2022-09-07 02:42:15,4.5,29.42,102.16,11,四川雅安市石棉县
2022-09-06 17:54:47,3.2,29.61,102.01,8,四川甘孜州泸定县
2022-09-06 05:28:41,3.1,29.64,102.07,11,四川甘孜州泸定县
2022-09-06 05:15:15,3,29.42,102.15,9,四川雅安市石棉县
2022-09-06 01:24:36,3.1,29.39,102.17,16,四川雅安市石棉县
2022-09-05 21:00:16,3,29.39,102.16,15,四川雅安市石棉县
2022-09-05 19:26:20,3.6,29.48,102.18,15,四川甘孜州泸定县
2022-09-05 18:31:19,3,29.43,102.14,11,四川雅安市石棉县
2022-09-05 17:39:21,3.6,29.37,102.17,17,四川雅安市石棉县
2022-09-05 13:28:46,3.2,29.58,102.06,12,四川甘孜州泸定县
2022-09-05 13:28:23,2.9,29.49,102.17,10,四川雅安市石棉县
2022-09-05 13:15:31,2.8,29.51,102.11,8,四川甘孜州泸定县
2022-09-05 13:10:24,2.9,29.46,102.14,10,四川雅安市石棉县
2022-09-05 13:03:14,3.1,29.61,102.04,9,四川甘孜州泸定县
2022-09-05 12:56:34,4.2,29.4,102.17,15,四川雅安市石棉县
2022-09-05 12:52:18,6.8,29.59,102.08,16,四川甘孜州泸定县
2022-09-02 01:08:43,3.1,33.33,100.84,10,青海果洛州久治县
2022-08-28 15:42:28,3.3,29.92,99.56,14,四川甘孜州巴塘县
2022-08-25 08:00:10,3.9,29.07,105.45,10,四川泸州市龙马潭区
2022-08-22 06:41:12,3.2,32.02,104.34,16,四川绵阳市北川县
2022-08-15 04:54:50,3,28.35,104.93,8,四川宜宾市长宁县
2022-08-14 04:01:08,3.4,25.61,99.9,9,云南大理州漾濞县
2022-08-13 13:18:35,3.3,31.21,103.66,10,四川成都市都江堰市
2022-08-11 23:58:52,3,27.23,103.75,15,云南昭通市昭阳区
2022-08-02 23:46:37,3.1,29.16,105.55,10,四川泸州市泸县
2022-07-26 07:58:31,3.3,24.46,99.85,8,云南临沧市凤庆县
2022-07-24 14:57:31,3.6,28.22,104.93,8,四川宜宾市兴文县
2022-07-24 02:16:49,3.3,32.19,104.53,10,四川绵阳市平武县
2022-07-22 12:02:15,2.9,25.88,102.8,15,云南昆明市禄劝县
2022-07-21 22:03:33,3.3,31.35,103.16,15,四川阿坝州理县
2022-07-21 12:14:29,3.2,24.39,103.11,10,云南红河州弥勒市
2022-07-15 20:19:35,2.8,30.91,102.99,19,四川阿坝州汶川县
2022-07-15 18:50:52,2.8,25.12,99.56,8,云南大理州永平县
2022-07-15 01:55:59,3,31.78,104.21,14,四川绵阳市北川县
2022-07-05 12:18:19,3.2,32.26,101.78,11,四川阿坝州马尔康市
2022-07-05 12:15:58,3.2,32.26,101.77,11,四川阿坝州马尔康市
2022-06-22 06:44:07,3,32.27,101.82,11,四川阿坝州马尔康市
2022-06-20 06:40:52,4.4,27.21,103.75,12,贵州毕节市威宁县
2022-06-17 05:08:42,3.1,22.19,100.86,8,云南西双版纳州景洪市
2022-06-15 14:11:39,3.2,29.36,104.07,12,四川乐山市犍为县
2022-06-14 18:11:10,4.4,32.25,101.79,11,四川阿坝州马尔康市
2022-06-13 09:28:58,3.3,32.2,101.83,12,四川阿坝州马尔康市
2022-06-13 00:51:23,3.1,32.29,101.79,8,四川阿坝州马尔康市
2022-06-12 23:40:00,3.1,23.55,99.17,20,云南临沧市耿马县
2022-06-11 17:48:34,2.9,32.26,101.77,14,四川阿坝州马尔康市
2022-06-10 07:49:21,3,32.28,101.79,12,四川阿坝州马尔康市
2022-06-10 05:45:34,3.2,32.31,101.87,10,四川阿坝州红原县
2022-06-10 04:54:32,3.9,32.31,101.81,17,四川阿坝州马尔康市
2022-06-10 04:37:26,4.4,32.23,101.84,12,四川阿坝州马尔康市
2022-06-10 04:35:39,3,32.28,101.82,19,四川阿坝州马尔康市
2022-06-10 03:27:00,5.2,32.24,101.85,15,四川阿坝州马尔康市
2022-06-10 01:28:34,6,32.25,101.82,13,四川阿坝州马尔康市
2022-06-10 00:21:17,4.4,32.28,101.79,10,四川阿坝州马尔康市
2022-06-10 00:19:44,3.4,32.25,101.79,15,四川阿坝州马尔康市
2022-06-10 00:06:44,4.1,32.26,101.79,10,四川阿坝州马尔康市
2022-06-10 00:03:24,5.8,32.27,101.82,10,四川阿坝州马尔康市
2022-06-09 20:51:17,2.9,32.26,101.8,10,四川阿坝州马尔康市
2022-06-05 19:29:37,2.9,31.7,103.77,15,四川阿坝州茂县
2022-06-02 07:48:08,3.2,30.39,102.91,18,四川雅安市芦山县
2022-06-01 17:03:09,4.5,30.37,102.92,18,四川雅安市宝兴县
2022-06-01 17:00:08,6.1,30.37,102.94,17,四川雅安市芦山县
2022-06-01 16:21:08,3.8,26.27,99.92,12,云南大理州洱源县
2022-05-31 21:13:40,2.8,29.45,103.75,8,四川乐山市五通桥区
2022-05-27 20:04:15,3,27.21,100.34,14,云南丽江市玉龙县
2022-05-25 06:14:08,2.9,29.44,103.74,8,四川乐山市五通桥区
2022-05-22 03:07:36,3,28.44,104.75,8,四川宜宾市长宁县
2022-05-20 08:36:36,4.8,29.67,102.48,20,四川雅安市汉源县
2022-05-17 21:05:07,3.1,29.14,105.55,8,四川泸州市泸县
2022-05-13 06:37:29,3.2,24.94,98.74,13,云南保山市腾冲市
2022-05-08 19:59:47,4.1,31.89,104.46,8,四川绵阳市北川县
2022-05-06 05:10:36,3.4,26.05,99.88,8,云南大理州洱源县
2022-04-30 01:23:47,4.2,27.77,100.63,8,云南丽江市宁蒗县
2022-04-22 12:36:52,3.2,29.94,102,8,四川甘孜州康定市
2022-04-20 21:44:19,3,28.1,104.73,8,四川宜宾市筠连县
2022-04-18 01:35:12,3.3,33.01,103.95,18,四川阿坝州九寨沟县
2022-04-17 00:18:37,4.1,27.75,100.61,8,云南丽江市宁蒗县
2022-04-16 08:32:13,4.6,27.78,100.62,9,云南丽江市宁蒗县
2022-04-15 21:11:01,3.9,28.11,104.71,8,四川宜宾市筠连县
2022-04-12 22:15:08,3,31.72,103.44,9,四川阿坝州理县
2022-04-08 11:29:58,3.2,25.55,100.05,11,云南大理州大理市
2022-04-07 05:54:49,4.1,28.12,105.15,8,四川宜宾市兴文县
2022-04-06 21:07:55,3.4,27.77,100.63,10,云南丽江市宁蒗县
2022-04-06 07:50:05,5.1,28.22,105.03,10,四川宜宾市兴文县
2022-04-04 21:58:32,3,29.36,104.07,13,四川乐山市犍为县
2022-04-01 17:27:56,3.2,29.33,105.5,8,重庆荣昌区
2022-03-31 18:16:02,3.2,29.29,105.49,10,重庆荣昌区
2022-03-31 07:14:00,2.8,28.37,104.89,11,四川宜宾市长宁县
2022-03-31 05:59:09,3,28.35,104.87,10,四川宜宾市长宁县
2022-03-30 11:52:28,3.7,27,103.26,10,云南昭通市巧家县
2022-03-29 05:25:09,4.3,30.03,103.41,10,四川眉山市丹棱县
2022-03-20 13:52:32,3.1,26.11,98.72,9,云南怒江州泸水市
2022-03-19 00:45:19,3.6,33.77,104.63,14,甘肃陇南市宕昌县
2022-03-09 02:14:23,2.9,27.12,103.15,9,云南昭通市巧家县
2022-03-07 12:53:56,2.6,28.09,104.71,10,四川宜宾市筠连县
2022-03-07 02:57:34,2.5,29.32,105.47,9,重庆荣昌区(有感)
2022-03-05 22:43:03,4.5,22.34,101.65,6,云南普洱市江城县
2022-02-16 20:27:01,3,23.4,100.08,8,云南临沧市双江县
2022-02-10 15:36:38,4.1,25.56,100.04,12,云南大理州大理市
2022-02-01 06:01:28,4,31.91,104.27,10,四川绵阳市北川县
2022-01-29 13:18:37,3.7,28.33,104.96,9,四川宜宾市长宁县
2022-01-23 20:24:14,3.1,26.62,105.15,10,贵州毕节市纳雍县
2022-01-20 05:52:37,4,32.34,105.13,10,四川广元市青川县
2022-01-15 19:19:42,3.6,26.99,100.08,9,云南丽江市玉龙县
2022-01-15 16:19:48,3,26.99,100.07,8,云南丽江市玉龙县
2022-01-15 11:09:04,3.3,26.95,102.91,11,云南昭通市巧家县
2022-01-12 08:02:26,3.2,28.97,102.34,25,四川雅安市石棉县
2022-01-10 18:20:37,3.1,28.39,104.86,8,四川宜宾市长宁县
2022-01-10 04:36:45,3,28.38,104.94,8,四川宜宾市长宁县
2022-01-08 01:08:41,3.3,28.41,104.8,10,四川宜宾市珙县
2022-01-05 22:30:45,2.8,23.09,100.92,8,云南普洱市宁洱县
2022-01-05 17:52:49,3.9,27.79,100.66,13,云南丽江市宁蒗县
2022-01-05 11:45:52,3,22.31,101.67,8,老挝
2022-01-02 15:02:06,5.5,27.79,100.65,10,云南丽江市宁蒗县
2021-12-31 22:53:00,4.8,22.35,101.67,10,老挝
2021-12-31 13:03:25,3.4,22.33,101.66,12,老挝
2021-12-25 02:59:35,3.3,22.32,101.67,8,老挝
2021-12-24 22:02:27,4.9,22.33,101.66,10,老挝
2021-12-24 21:56:48,3.3,22.33,101.66,8,老挝
2021-12-24 21:43:21,6,22.33,101.69,15,老挝
2021-12-24 20:37:51,3.2,22.31,101.67,6,老挝
2021-12-24 19:24:39,2.9,22.31,101.64,5,老挝
2021-12-24 15:58:29,3.2,26.05,102.22,8,云南楚雄州武定县
2021-12-21 10:18:33,3.3,31.82,101.26,12,四川阿坝州壤塘县
2021-12-21 01:55:08,3.3,27.11,102.87,8,四川凉山州宁南县
2021-12-18 03:00:51,3,32.38,105.04,16,四川广元市青川县
2021-12-16 04:57:58,2.8,30.16,101.96,13,四川甘孜州康定市
2021-12-12 14:11:21,3,29.26,105.44,8,四川泸州市泸县
2021-12-12 14:06:18,3.2,29.26,105.44,8,四川泸州市泸县
2021-12-12 06:54:02,3,27.34,101.94,11,四川凉山州盐源县
2021-12-10 19:25:39,3.7,28.12,105.14,8,四川宜宾市兴文县
2021-12-08 06:04:45,2.9,31.53,103.26,17,四川阿坝州理县
2021-12-01 05:39:33,4.2,28.34,104.97,9,四川宜宾市长宁县
2021-11-26 23:24:00,3.3,29.65,104.69,8,四川内江市威远县
2021-11-24 17:16:40,4.6,26.87,106.68,10,贵州贵阳市修文县
2021-11-24 01:29:42,2.8,28.15,104.75,8,四川宜宾市珙县
2021-11-23 10:28:09,2.8,22.32,101.66,8,老挝
2021-11-23 08:17:29,2.8,22.32,101.66,8,老挝
2021-11-23 03:13:39,3,28.17,104.98,8,四川宜宾市兴文县
2021-11-21 18:51:00,4.6,28.45,104.79,11,四川宜宾市长宁县
2021-11-20 19:48:50,2.9,30.16,101.96,12,四川甘孜州康定市
2021-11-20 04:56:12,3,28.15,104.76,8,四川宜宾市珙县
2021-11-18 05:04:06,3.1,33.83,100.53,10,青海果洛州久治县
2021-11-17 23:42:57,2.9,28.16,104.75,10,四川宜宾市珙县
2021-11-17 15:39:10,3.1,28.22,104.96,10,四川宜宾市兴文县
2021-11-16 15:54:47,4.6,22.31,101.69,9,老挝
2021-11-16 13:22:47,4.8,22.31,101.68,9,老挝
2021-11-12 09:50:55,4.3,28.08,105.09,10,云南昭通市威信县
2021-11-10 16:39:51,3.9,29.59,104.69,8,四川内江市威远县
2021-10-22 17:19:16,3.4,25.73,100,8,云南大理州漾濞县
2021-10-18 10:20:56,3.2,29.26,103.99,8,四川乐山市犍为县
2021-10-18 08:41:14,3.1,29.25,103.93,10,四川乐山市犍为县
2021-10-18 08:37:00,4.3,29.26,103.96,10,四川乐山市犍为县
2021-10-14 05:06:43,3.2,29.68,106.3,10,重庆沙坪坝区
2021-10-07 20:10:26,2.9,26.93,102.91,12,云南昭通市巧家县
2021-10-06 13:23:36,2.9,29.64,104.66,13,四川内江市威远县
2021-10-02 21:21:49,3.2,29.64,104.68,11,四川内江市威远县
2021-10-02 06:48:38,3.1,29.25,103.96,10,四川乐山市犍为县
2021-10-01 21:40:05,3.2,28.46,104.83,8,四川宜宾市长宁县
2021-09-27 11:19:17,3,29.29,105.45,9,四川泸州市泸县
2021-09-25 23:23:02,2.9,23.58,103.99,10,云南文山州文山市
2021-09-25 02:16:33,3.1,29.27,105.43,10,四川泸州市泸县
2021-09-24 23:17:19,3,32.03,102.73,17,四川阿坝州黑水县
2021-09-24 07:06:03,3.1,28.25,102.73,16,四川凉山州昭觉县
2021-09-24 04:08:33,3.6,28.07,105.06,9,云南昭通市威信县
2021-09-22 20:59:56,3,28.39,103.46,8,四川凉山州雷波县
2021-09-18 13:20:49,3.2,29.48,104.52,9,四川自贡市荣县
2021-09-16 04:55:19,2.8,29.17,105.36,15,四川泸州市泸县
2021-09-16 04:33:31,6,29.2,105.34,10,四川泸州市泸县
2021-09-15 20:32:17,3,29.2,105.33,12,四川泸州市泸县
2021-09-15 07:19:03,3.3,25.73,99.99,9,云南大理州漾濞县
2021-09-14 13:48:44,3.1,26.41,102.98,21,四川凉山州会东县
2021-09-12 16:18:59,2.9,28.36,104.9,8,四川宜宾市长宁县
2021-09-12 05:47:52,3,23.16,106.14,6,广西百色市靖西市
2021-09-11 23:00:15,3.2,23.39,106.7,6,广西百色市德保县
2021-09-11 15:05:43,4.3,23.39,106.71,10,广西百色市德保县
2021-09-05 04:03:53,3.2,33.12,103.89,26,四川阿坝州九寨沟县
2021-09-03 21:30:37,4.8,28.09,104.92,15,四川宜宾市珙县
2021-09-02 04:09:30,3,26.49,102.84,24,四川凉山州会东县
2021-09-01 06:37:44,3.7,28.11,105.1,10,四川宜宾市兴文县
2021-08-30 23:28:25,3.1,27.03,102.78,15,四川凉山州宁南县
2021-08-24 19:06:36,3.1,29.28,105.48,10,四川泸州市泸县
2021-08-21 10:20:10,4.5,27.12,105.31,10,贵州毕节市七星关区
2021-08-18 00:23:42,3.4,25.71,99.87,12,云南大理州漾濞县
2021-08-13 07:54:14,3.2,32.49,105.02,14,四川广元市青川县
2021-08-11 19:11:29,2.8,25.7,99.87,9,云南大理州漾濞县
2021-08-10 16:17:03,3,31.34,103.18,10,四川阿坝州理县
2021-08-10 14:39:43,3.3,29.09,101.01,17,四川凉山州木里县
2021-08-06 10:38:51,2.7,28.78,102.64,10,四川凉山州越西县
2021-08-04 19:12:53,4.8,23.38,106.71,10,广西百色市德保县
2021-07-25 00:38:46,3.3,32.62,102.16,19,四川阿坝州阿坝县
2021-07-25 00:23:46,3.9,32.62,102.16,17,四川阿坝州阿坝县
2021-07-23 20:55:20,4.1,29.28,105.44,15,四川泸州市泸县
2021-07-23 14:22:40,3.7,32.61,102.19,18,四川阿坝州阿坝县
2021-07-22 02:32:52,2.9,24.72,98.04,8,云南德宏州盈江县
2021-07-21 03:01:17,3.6,27.42,103.08,17,四川凉山州金阳县
2021-07-18 00:49:06,3.1,28.11,104.77,9,四川宜宾市珙县
2021-07-16 15:59:49,3.3,32.17,104.57,11,四川绵阳市平武县
2021-07-14 23:36:07,4.8,30.97,103.37,15,四川阿坝州汶川县
2021-07-10 19:38:03,3,29.32,105.47,5,重庆荣昌区
2021-07-10 16:46:00,3.2,25.8,100.48,11,云南大理州宾川县
2021-07-07 04:19:28,4.2,28.05,104.99,9,云南昭通市威信县
2021-07-05 05:48:28,4,32.92,99.02,7,四川甘孜州石渠县
2021-06-29 06:41:27,3.6,25.75,99.99,9,云南大理州漾濞县
2021-06-28 19:48:14,4.6,24.31,101.89,8,云南楚雄州双柏县
2021-06-25 18:20:45,3.1,27.92,102.98,12,四川凉山州昭觉县
2021-06-24 03:19:59,3,31.98,104.48,14,四川绵阳市北川县
2021-06-23 05:11:28,3.8,32.2,104.94,12,四川绵阳市江油市
2021-06-22 08:48:19,3,29.36,104.56,10,四川自贡市荣县
2021-06-21 01:48:58,3.2,32.41,105.09,12,四川广元市青川县
2021-06-20 11:31:01,3.8,22.65,100.33,10,云南普洱市澜沧县
2021-06-16 15:35:36,4.2,24.33,101.91,8,云南楚雄州双柏县
2021-06-14 06:57:52,3.3,31.99,104.49,15,四川绵阳市北川县
2021-06-14 04:02:36,3.8,31.98,104.48,15,四川绵阳市北川县
2021-06-10 21:52:34,3.3,24.34,101.91,8,云南楚雄州双柏县
2021-06-10 19:58:38,3.6,24.37,101.92,12,云南楚雄州双柏县
2021-06-10 19:46:07,5.1,24.34,101.91,8,云南楚雄州双柏县
2021-06-08 09:21:33,3.2,28.2,104.8,8,四川宜宾市珙县
2021-06-05 06:12:22,3.4,25.59,99.98,11,云南大理州漾濞县
2021-05-28 20:43:18,3.4,25.56,99.92,13,云南大理州漾濞县
2021-05-27 23:03:57,3.6,25.69,99.89,12,云南大理州漾濞县
2021-05-27 19:52:46,4.1,25.74,99.95,12,云南大理州漾濞县
2021-05-26 06:37:24,3,25.65,99.89,10,云南大理州漾濞县
2021-05-25 08:09:39,3,29.63,104.7,12,四川内江市威远县
2021-05-24 23:26:51,3.1,26.91,102.93,11,云南昭通市巧家县
2021-05-24 08:43:10,3.1,25.59,100.01,8,云南大理州漾濞县
2021-05-24 08:10:58,3,25.59,100,8,云南大理州漾濞县
2021-05-23 00:17:19,2.9,25.59,99.99,9,云南大理州漾濞县
2021-05-22 23:30:16,2.9,25.57,99.96,12,云南大理州漾濞县
2021-05-22 22:30:05,3.2,25.6,99.93,11,云南大理州漾濞县
2021-05-22 20:14:36,4.4,25.61,99.93,10,云南大理州漾濞县
2021-05-22 17:24:16,3.3,25.66,99.9,10,云南大理州漾濞县
2021-05-22 09:48:00,4,25.67,99.9,12,云南大理州漾濞县
2021-05-22 08:36:46,3.4,25.68,99.9,12,云南大理州漾濞县
2021-05-22 05:08:21,2.9,25.63,99.96,12,云南大理州漾濞县
2021-05-22 04:10:57,3.4,25.62,99.95,12,云南大理州漾濞县
2021-05-22 03:14:44,3.6,33.74,100.93,10,青海果洛州久治县
2021-05-22 02:28:43,3.9,25.62,99.91,10,云南大理州漾濞县
2021-05-22 02:24:27,3,25.66,99.88,10,云南大理州漾濞县
2021-05-22 01:50:17,3.3,25.61,100,14,云南大理州漾濞县
2021-05-22 01:38:04,3.4,28.09,105.3,10,四川泸州市叙永县
2021-05-22 01:36:06,3.5,25.62,99.94,9,云南大理州漾濞县
2021-05-22 00:56:07,3.2,25.63,99.91,9,云南大理州漾濞县
2021-05-22 00:53:31,3.2,25.65,99.91,8,云南大理州漾濞县
2021-05-22 00:51:41,4,25.7,99.87,8,云南大理州漾濞县
2021-05-22 00:24:05,3,25.69,99.87,8,云南大理州漾濞县
2021-05-21 23:23:34,4.5,25.6,99.98,8,云南大理州漾濞县
2021-05-21 23:22:49,3.5,25.66,99.88,8,云南大理州漾濞县
2021-05-21 23:18:09,3,25.62,99.98,8,云南大理州漾濞县
2021-05-21 23:13:53,3.8,25.64,99.94,8,云南大理州漾濞县
2021-05-21 23:08:57,3,25.61,99.98,8,云南大理州漾濞县
2021-05-21 22:59:37,3.5,25.63,99.94,8,云南大理州漾濞县
2021-05-21 22:52:08,2.9,25.61,99.97,8,云南大理州漾濞县
2021-05-21 22:31:10,5.2,25.59,99.97,8,云南大理州漾濞县
2021-05-21 22:30:27,3.1,25.65,99.9,8,云南大理州漾濞县
2021-05-21 22:19:48,3,25.6,99.95,8,云南大理州漾濞县
2021-05-21 22:15:16,4,25.59,99.96,8,云南大理州漾濞县
2021-05-21 22:03:36,3.9,25.57,99.93,8,云南大理州漾濞县
2021-05-21 22:02:00,4.1,25.66,99.89,8,云南大理州漾濞县
2021-05-21 21:56:37,4.9,25.64,99.95,8,云南大理州漾濞县
2021-05-21 21:55:28,5,25.67,99.89,8,云南大理州漾濞县
2021-05-21 21:53:47,4.1,25.62,99.98,9,云南大理州漾濞县
2021-05-21 21:48:34,6.4,25.67,99.87,8,云南大理州漾濞县
2021-05-21 21:37:33,2.8,25.61,99.95,8,云南大理州漾濞县
2021-05-21 21:23:43,4.5,25.66,99.97,8,云南大理州漾濞县
2021-05-21 21:21:25,5.6,25.63,99.92,10,云南大理州漾濞县
2021-05-21 20:56:02,4.2,25.63,99.93,8,云南大理州漾濞县
2021-05-20 14:29:05,3.1,28.43,104.78,9,四川宜宾市珙县
2021-05-20 01:58:59,3.2,25.67,99.9,11,云南大理州漾濞县
2021-05-19 21:13:07,3.2,25.68,99.89,8,云南大理州漾濞县
2021-05-19 20:05:56,4.4,25.66,99.92,8,云南大理州漾濞县
2021-05-19 04:38:36,3.3,32.95,98.91,8,四川甘孜州石渠县
2021-05-19 03:27:56,3.1,25.65,99.92,8,云南大理州漾濞县
2021-05-18 21:39:35,4.2,25.65,99.93,8,云南大理州漾濞县
2021-05-18 20:56:46,3,25.65,99.93,8,云南大理州漾濞县
2021-05-18 18:49:30,3.2,25.65,99.93,8,云南大理州漾濞县
2021-05-14 01:25:49,2.9,32.57,105.24,9,四川广元市青川县
2021-05-13 11:42:36,4.7,24.43,99.24,8,云南保山市施甸县
2021-05-10 22:44:40,3.2,32.01,102.7,17,四川阿坝州黑水县
2021-05-05 09:51:05,3.6,32.4,104.02,10,四川绵阳市平武县
2021-05-01 21:17:03,2.8,25.97,100.86,10,云南大理州宾川县
2021-04-30 14:00:38,3.1,30.65,103.22,9,四川成都市大邑县
2021-04-29 17:40:31,3.1,22.57,100.32,10,云南普洱市澜沧县
2021-04-29 09:43:07,3.1,30.06,103.09,28,四川雅安市名山区
2021-04-26 21:30:15,3.2,28.18,104.97,10,四川宜宾市兴文县
2021-04-26 04:00:26,2.9,28.09,101.19,15,四川凉山州木里县
2021-04-18 11:35:39,3.3,26.14,100.01,9,云南大理州洱源县
2021-04-18 08:11:57,2.8,30.37,102.96,15,四川雅安市芦山县
2021-04-13 17:07:36,3.3,23.84,102.38,10,云南红河州石屏县
2021-04-12 08:18:35,3.1,29.42,104.53,10,四川自贡市贡井区
2021-04-02 14:15:08,3.1,32.82,101.15,10,青海果洛州班玛县
2021-03-26 15:15:29,3.1,28.19,104.78,10,四川宜宾市珙县
2021-03-23 03:21:11,3,28.44,104.79,10,四川宜宾市长宁县
2021-03-22 23:32:53,2.9,31.38,103.44,11,四川阿坝州汶川县
2021-03-20 15:25:40,3.3,28.06,105,12,云南昭通市威信县
2021-03-19 18:57:50,3.9,31.93,104.2,15,四川绵阳市北川县
2021-03-18 13:40:47,3,25.12,105.21,5,贵州黔西南州安龙县
2021-03-17 03:14:13,2.5,28.66,105.79,11,四川泸州市合江县
2021-03-13 21:56:49,3,28.13,104.79,10,四川宜宾市珙县
2021-03-07 09:10:42,3,25.76,98.49,8,云南保山市腾冲市
2021-03-05 12:42:39,3,23.31,100.83,8,云南普洱市景谷县
2021-03-02 01:44:36,3,32.14,104.56,14,四川绵阳市平武县
2021-03-01 18:13:13,3.8,26,100,10,云南大理州洱源县
2021-02-28 09:12:49,3.3,32.8,101.1,10,青海果洛州班玛县
2021-02-27 19:37:19,3.1,25.51,98.44,8,云南保山市腾冲市
2021-02-25 11:55:32,2.9,22.59,100.33,11,云南普洱市澜沧县
2021-02-24 12:59:10,3.2,31.81,104.11,19,四川阿坝州茂县
2021-02-21 22:23:09,3,28.36,104.9,10,四川宜宾市长宁县
2021-02-17 19:37:25,3.1,24.6,98.7,8,云南保山市龙陵县
2021-02-17 18:29:37,2.8,23.43,105.47,8,云南文山州富宁县
2021-02-17 01:40:37,3.3,23.04,101.58,8,云南普洱市墨江县
2021-02-16 12:22:47,2.8,28.13,105.08,9,四川宜宾市兴文县
2021-02-15 16:23:11,4,28.12,104.84,10,四川宜宾市珙县
2021-02-13 09:22:33,3,29.01,100.92,13,四川凉山州木里县
2021-02-10 13:12:27,3,29.44,104.54,9,四川内江市威远县
2021-01-23 09:59:10,4.7,28.18,104.22,10,云南昭通市盐津县
2021-01-22 03:34:25,3.5,28.09,105.03,8,四川宜宾市兴文县
2021-01-17 12:44:44,4.1,24.33,99.36,8,云南保山市昌宁县
2021-01-17 07:23:30,3.2,32.77,105.66,14,陕西汉中市宁强县
2021-01-04 10:58:29,4.2,29.41,104.02,13,四川乐山市犍为县
2021-01-04 00:34:11,3.2,29.43,104.52,10,四川自贡市荣县
2021-01-03 02:40:25,3.2,25.63,99.92,11,云南大理州漾濞县
2021-01-01 06:07:08,3,26.24,101.27,16,云南楚雄州大姚县
2020-12-28 20:46:08,3.9,33.83,104.45,13,甘肃陇南市宕昌县
2020-12-22 05:38:32,3.1,31.36,103.87,20,四川成都市彭州市
2020-12-21 22:38:28,3,24.91,99.26,9,云南保山市隆阳区
2020-12-20 20:25:01,3.1,27.1,103.33,12,云南昭通市鲁甸县
2020-12-12 11:47:56,3,28.36,104.95,8,四川宜宾市长宁县
2020-12-08 16:49:55,3.4,31.55,104.14,8,四川德阳市绵竹市
2020-12-08 00:48:00,3.1,29.45,104.52,10,四川内江市威远县
2020-12-05 22:58:12,3.2,32.27,104.96,12,四川绵阳市平武县
2020-12-01 21:39:30,3.1,24.93,99.19,8,云南保山市隆阳区
2020-11-23 22:50:44,3,32.5,105.23,12,四川广元市青川县
2020-11-21 22:04:46,3.6,24.5,98.48,11,云南德宏州芒市
2020-11-13 03:18:12,4.1,28.17,104.73,6,四川宜宾市珙县
2020-11-07 08:23:28,3.4,28.21,104.73,11,四川宜宾市珙县
2020-11-03 03:54:46,2.9,23.27,101.59,15,云南普洱市墨江县
2020-11-01 22:02:22,2.5,27.88,102.34,10,四川凉山州西昌市(有感)
2020-10-31 15:44:50,3.2,31.47,100.99,20,四川甘孜州炉霍县
2020-10-31 14:38:08,3.6,32.08,105.18,23,四川绵阳市江油市
2020-10-29 04:52:46,3.2,27.1,103.93,18,贵州毕节市威宁县
2020-10-28 11:54:31,3.6,29.52,104.53,12,四川内江市威远县
2020-10-26 02:20:51,2.8,25.43,101.87,18,云南楚雄州元谋县
2020-10-25 11:45:12,3,31.94,104.22,18,四川绵阳市北川县
2020-10-25 02:04:33,3.6,31.85,104.19,12,四川绵阳市北川县
2020-10-23 02:24:32,3,31.83,104.17,18,四川绵阳市北川县
2020-10-23 01:41:17,2.8,31.84,104.17,18,四川绵阳市北川县
2020-10-23 01:12:39,3,31.84,104.17,18,四川绵阳市北川县
2020-10-22 11:03:37,4.7,31.83,104.18,20,四川绵阳市北川县
2020-10-21 14:46:08,2.8,28.07,104.16,11,云南昭通市盐津县
2020-10-21 12:04:47,4.6,31.84,104.17,17,四川绵阳市北川县
2020-10-20 00:45:55,3,28.77,104.07,8,四川宜宾市屏山县
2020-10-19 23:43:43,3.1,28.19,104.71,8,四川宜宾市珙县
2020-10-18 12:31:08,3,28.18,104.72,8,四川宜宾市珙县
2020-10-08 21:53:00,3.2,32.07,104.55,13,四川绵阳市平武县
2020-10-08 06:41:05,3.2,31.56,103.03,10,四川阿坝州理县
2020-09-30 04:11:47,3,32.8,98.45,23,四川甘孜州石渠县
2020-09-30 02:49:11,3.5,28.07,104.17,13,云南昭通市盐津县
2020-09-29 13:40:43,2.9,28.06,104.17,11,云南昭通市盐津县
2020-09-26 20:40:35,3.4,30.99,103.53,14,四川成都市都江堰市
2020-09-26 04:34:09,3.8,28.1,105.05,13,云南昭通市威信县
2020-09-25 21:42:39,3.2,32.06,105.16,8,四川绵阳市江油市
2020-09-25 16:20:15,3.2,29.48,104.53,8,四川自贡市荣县
2020-09-24 17:41:10,3.2,30.53,101.53,8,四川甘孜州道孚县
2020-09-22 18:45:26,3.1,30.05,103.02,30,四川雅安市雨城区
2020-09-18 16:24:01,4,26.21,105.41,10,贵州六盘水市六枝特区
2020-09-17 14:19:49,3,27.02,104.49,10,贵州毕节市赫章县
2020-09-16 15:03:08,3.6,28.4,104.79,12,四川宜宾市珙县
2020-09-16 02:11:28,3.3,22.3,99.75,26,云南普洱市澜沧县
2020-09-14 03:09:57,3,28.1,104.79,15,四川宜宾市珙县
2020-09-11 13:47:46,2.9,32.64,105.38,9,四川广元市青川县
2020-09-09 15:03:36,3,31.55,103.97,16,四川德阳市绵竹市
2020-09-08 13:30:13,3.8,27.12,103.08,8,云南昭通市巧家县
2020-09-06 11:39:05,3.1,28.3,104.94,14,四川宜宾市兴文县
2020-08-31 19:43:42,3.1,28.38,105.05,10,四川宜宾市兴文县
2020-08-22 13:36:36,3.2,28.19,104.83,8,四川宜宾市珙县
2020-08-21 17:27:03,3,28.15,104.82,8,四川宜宾市珙县
2020-08-17 12:43:33,3,28.17,104.74,8,四川宜宾市珙县
2020-08-14 07:34:28,2.9,26.05,98.85,12,云南怒江州泸水市
2020-08-14 00:30:31,3.1,28.16,105.07,9,四川宜宾市兴文县
2020-08-11 13:41:48,3.8,28.16,105.06,9,四川宜宾市兴文县
2020-08-06 17:08:13,3.9,28.41,104.85,10,四川宜宾市长宁县
2020-08-05 09:04:06,3.1,28.18,105.06,8,四川宜宾市兴文县
2020-08-01 06:53:53,3.5,23.41,101.6,10,云南普洱市墨江县
2020-07-31 03:28:36,3.7,24.95,99.21,9,云南保山市隆阳区
2020-07-27 16:06:59,3.4,28.39,104.95,8,四川宜宾市长宁县
2020-07-24 18:09:09,3.4,28.19,104.69,12,四川宜宾市珙县
2020-07-24 13:47:12,3,24.96,99.19,9,云南保山市隆阳区
2020-07-23 15:54:33,3.1,27.73,99.99,9,云南迪庆州香格里拉市
2020-07-22 12:45:32,4.1,22.39,99.82,10,云南普洱市澜沧县
2020-07-21 11:37:34,3,22.32,99.85,8,云南普洱市澜沧县
2020-07-14 01:33:58,3.4,25.18,99.53,14,云南大理州永平县
2020-07-12 15:03:26,4,33.59,102.92,8,四川阿坝州若尔盖县
2020-07-12 13:21:56,4.4,22.89,102.53,11,云南红河州绿春县
2020-07-08 10:39:59,4.2,26.02,103.13,14,云南昆明市东川区
2020-07-06 11:33:50,3.3,28.31,100.68,9,四川凉山州木里县
2020-07-02 20:44:17,3.3,28.35,104.89,8,四川宜宾市长宁县
2020-07-02 11:57:57,2.9,27.17,104.65,9,贵州毕节市赫章县
2020-07-02 11:11:35,4.5,27.16,104.63,13,贵州毕节市赫章县
2020-06-30 01:55:08,3.7,28.17,104.77,9,四川宜宾市珙县
2020-06-28 05:37:40,3.1,28.33,104.95,11,四川宜宾市长宁县
2020-06-27 03:34:56,3.2,22.57,101.98,10,云南普洱市江城县
2020-06-27 00:13:08,3,29.48,104.54,10,四川内江市威远县
2020-06-23 22:12:22,3.8,28.17,104.75,8,四川宜宾市珙县
2020-06-21 17:40:03,3.2,33.04,99.05,21,四川甘孜州石渠县
2020-06-16 14:12:26,4.7,22.51,102.62,8,越南
2020-06-13 10:32:49,3.1,28.2,104.78,9,四川宜宾市珙县
2020-06-12 21:03:39,4,28.19,104.73,8,四川宜宾市珙县
2020-06-11 07:47:39,3.2,29.49,104.52,9,四川自贡市荣县
2020-06-10 10:20:33,3,28.25,104.76,9,四川宜宾市珙县
2020-06-09 02:39:06,3,25.95,100.48,9,云南大理州宾川县
2020-06-03 02:57:56,3.6,31.18,100.86,14,四川甘孜州炉霍县
2020-06-02 16:39:04,3.3,28.19,104.72,13,四川宜宾市珙县
2020-06-02 09:44:08,4.3,23.82,98.43,10,缅甸
2020-06-01 12:42:05,3.2,28.14,104.72,8,四川宜宾市筠连县
2020-05-31 12:25:58,3.2,28.21,104.74,8,四川宜宾市珙县
2020-05-30 08:30:56,3.2,28.08,103.52,11,云南昭通市永善县
2020-05-26 20:34:50,3.8,29,103.63,14,四川乐山市马边县
2020-05-25 00:01:28,3,28.14,104.77,8,四川宜宾市珙县
2020-05-22 20:32:31,2.8,25.25,101.75,15,云南楚雄州禄丰县
2020-05-22 03:12:50,3.8,28.18,104.74,8,四川宜宾市珙县
2020-05-19 04:35:53,3.5,27.18,103.16,8,云南昭通市巧家县
2020-05-18 21:47:59,5,27.18,103.16,8,云南昭通市巧家县
2020-05-18 20:20:37,3,31.78,104.01,18,四川阿坝州茂县
2020-05-11 06:09:52,3.1,28.44,104.77,10,四川宜宾市长宁县
2020-05-10 15:42:28,3.6,28.17,104.74,11,四川宜宾市珙县
2020-05-09 22:27:41,2.9,25.84,98.68,8,缅甸
2020-04-27 20:19:33,3.4,27.18,103.15,11,云南昭通市巧家县
2020-04-27 09:37:12,3.3,28.18,104.78,9,四川宜宾市珙县
2020-04-23 17:04:40,4.1,28.42,104.84,8,四川宜宾市长宁县
2020-04-18 05:35:21,3.1,32.98,98.9,20,四川甘孜州石渠县
2020-04-15 11:35:17,3,29.26,105.42,8,四川泸州市泸县
2020-04-15 01:46:33,3,25.25,98.28,12,云南保山市腾冲市
2020-04-15 01:39:13,3.1,25.2,98.34,13,云南保山市腾冲市
2020-04-14 05:10:55,3.1,22.24,100.05,11,云南普洱市澜沧县
2020-04-12 11:06:47,3,29.41,104.49,8,四川自贡市荣县
2020-04-11 04:03:06,3.5,23.73,101.93,9,云南玉溪市元江县
2020-04-09 09:14:25,3.3,28.14,104.72,8,四川宜宾市筠连县
2020-04-06 15:01:41,3,28.21,105.07,8,四川宜宾市兴文县
2020-04-06 07:48:26,3.2,32.96,98.95,18,四川甘孜州石渠县
2020-04-03 22:12:14,2.9,23.31,100.12,8,云南普洱市景谷县
2020-04-02 04:33:23,3.3,33,98.9,10,四川甘孜州石渠县
2020-04-01 20:32:26,3,32.97,98.92,8,四川甘孜州石渠县
2020-04-01 20:23:27,5.6,33.04,98.92,10,四川甘孜州石渠县
2020-03-26 17:38:55,2,32.93,100.71,9,青海果洛州班玛县（有感）
2020-03-23 07:10:55,2.9,27.12,103.08,8,云南昭通市巧家县
2020-03-18 16:43:41,3.6,27.1,103.05,8,云南昭通市巧家县
2020-03-17 10:30:37,3.6,28.67,104.99,10,四川宜宾市长宁县
2020-03-06 11:34:44,3.9,32.62,105.39,13,四川广元市青川县
2020-03-05 13:23:34,3.3,27.93,101.14,11,四川凉山州木里县
2020-02-28 07:56:17,3.9,28.09,103.51,12,云南昭通市永善县
2020-02-25 16:18:59,3.2,29.5,104.55,8,四川内江市威远县
2020-02-19 01:01:59,2.8,25.87,104.31,8,云南曲靖市富源县
2020-02-16 04:28:19,4.4,29.48,104.5,10,四川自贡市荣县
2020-02-07 04:45:09,3.3,27.1,103.06,8,云南昭通市巧家县
2020-02-03 23:55:51,3.9,28.48,104.73,12,四川宜宾市珙县
2020-02-03 02:15:03,2.9,32.02,104.51,14,四川绵阳市北川县
2020-02-03 00:05:41,5.1,30.74,104.46,21,四川成都市青白江区
2020-02-02 14:35:49,2.9,32.41,105.11,14,四川广元市青川县
2020-01-30 04:20:14,3.4,28.35,104.95,11,四川宜宾市长宁县
2020-01-29 22:00:43,3,32.08,103.49,16,四川阿坝州茂县
2020-01-27 18:55:47,3,28.83,105.11,8,四川宜宾市江安县
2020-01-23 23:30:36,3.8,33,98.85,7,四川甘孜州石渠县
2020-01-23 22:57:28,3.1,31.67,103.13,9,四川阿坝州理县
2020-01-23 22:26:30,4.3,32.97,98.87,13,四川甘孜州石渠县
2020-01-23 05:26:23,3.5,23.35,101.9,8,云南红河州红河县
2020-01-22 15:08:33,4.5,31.66,103.13,13,四川阿坝州理县
2020-01-15 19:34:25,4.2,25.54,103.11,8,云南昆明市寻甸县
2020-01-14 05:31:55,3.3,28.25,98.64,8,西藏林芝市察隅县
2020-01-12 17:40:06,2.6,29.38,103.3,23,四川乐山市峨眉山市
2020-01-08 01:09:37,4.1,28.21,104.93,12,四川宜宾市兴文县
2020-01-01 11:01:57,4.3,29.02,105.01,21,四川自贡市富顺县
2020-01-01 02:48:22,3.4,29.49,104.53,9,四川自贡市荣县
2019-12-30 09:24:57,3.1,29.52,104.55,14,四川内江市威远县
2019-12-29 08:47:12,3.8,28.43,104.88,15,四川宜宾市长宁县
2019-12-27 03:24:56,3.7,32.28,105,12,四川广元市青川县
2019-12-26 18:45:16,3.2,28.42,104.82,8,四川宜宾市珙县
2019-12-26 12:12:21,3,25.68,99.68,9,云南大理州漾濞县
2019-12-22 00:01:29,3,29.99,103.21,28,四川雅安市雨城区
2019-12-21 15:35:30,3.2,29.49,104.54,12,四川内江市威远县
2019-12-20 08:52:03,3.3,29.5,104.54,13,四川内江市威远县
2019-12-19 03:37:40,3,31.57,104.24,10,四川绵阳市安州区
2019-12-18 08:14:05,5.2,29.59,104.82,14,四川内江市资中县
2019-12-13 18:23:08,3.2,29.51,104.56,11,四川内江市威远县
2019-12-13 18:18:52,3,25.94,99.7,8,云南大理州洱源县
2019-12-13 18:12:38,3,25.94,99.68,8,云南大理州洱源县
2019-12-11 00:02:52,3.4,24.89,99.17,8,云南保山市施甸县
2019-12-09 15:20:57,4.6,31.56,104.25,10,四川绵阳市安州区
2019-12-04 15:52:54,3.1,33.12,104.86,12,甘肃陇南市文县
2019-12-03 06:02:30,3,28.24,100.64,8,四川凉山州木里县
2019-11-30 23:58:51,3.6,27.64,100.93,10,四川凉山州盐源县
2019-11-28 07:49:50,4.3,22.9,106.66,10,广西百色市靖西市
2019-11-27 21:03:02,4,28.35,104.95,18,四川宜宾市长宁县
2019-11-25 11:56:51,3.2,22.9,106.7,6,广西崇左市大新县
2019-11-25 09:19:48,3.9,22.96,106.69,10,广西百色市靖西市
2019-11-25 09:18:19,5.2,22.89,106.65,10,广西百色市靖西市
2019-11-25 01:02:35,4.3,25.97,99.7,12,云南大理州洱源县
2019-11-23 07:37:33,2.8,26.16,100.63,9,云南丽江市永胜县
2019-11-19 08:43:59,3,23.35,103.82,5,云南红河州屏边县
2019-11-19 04:14:16,3.9,28.23,100.61,15,四川凉山州木里县
2019-11-17 06:37:38,3.4,31.23,103.56,22,四川阿坝州汶川县
2019-11-15 19:09:26,2.8,23.36,103.81,9,云南文山州文山市
2019-11-14 07:02:51,3.1,28.37,104.94,8,四川宜宾市长宁县
2019-11-13 01:29:53,2.8,31.64,104.04,18,四川德阳市绵竹市
2019-11-11 18:09:21,2.9,26.98,101.35,15,四川攀枝花市盐边县
2019-11-10 21:28:06,3.4,28.43,104.76,10,四川宜宾市珙县
2019-11-10 06:46:51,4.1,28.17,104.99,8,四川宜宾市兴文县
2019-11-07 05:46:18,3.2,28.38,104.9,16,四川宜宾市长宁县
2019-11-04 05:29:19,2.9,26.09,99.59,11,云南大理州洱源县
2019-11-03 10:11:15,3,26.09,99.58,11,云南大理州洱源县
2019-11-01 03:37:23,3.5,24.39,102.77,12,云南玉溪市江川区
2019-10-31 16:03:34,3.6,29.07,102.35,15,四川雅安市石棉县
2019-10-28 01:09:50,3.4,26.21,104.55,7,贵州六盘水市盘州市
2019-10-27 08:39:21,3.1,26.2,104.49,10,云南曲靖市宣威市
2019-10-26 22:08:50,3,29.56,98.85,7,西藏昌都市芒康县
2019-10-21 11:52:52,3,30.07,101.89,8,四川甘孜州康定市
2019-10-21 08:25:37,3.7,28.32,104.94,14,四川宜宾市长宁县
2019-10-19 19:10:04,2.8,28.42,104.75,7,四川宜宾市珙县
2019-10-16 02:36:22,3,26.04,100.33,5,云南大理州鹤庆县
2019-10-15 01:23:55,3.5,24.57,99.03,8,云南保山市龙陵县
2019-10-12 22:11:30,3,29.74,101.09,8,四川甘孜州雅江县
2019-10-09 23:41:09,3.3,29.57,104.82,14,四川内江市威远县
2019-10-01 04:51:53,3.9,30.61,100.39,13,四川甘孜州新龙县
2019-09-26 04:35:12,2.9,29.58,104.8,11,四川内江市资中县
2019-09-22 11:41:03,1.5,28.9,106.91,5,重庆綦江区（有感）
2019-09-21 00:33:09,3.5,28.26,102.23,17,四川凉山州冕宁县
2019-09-19 16:09:44,3,22.73,100.5,11,云南普洱市思茅区
2019-09-17 00:14:06,3.3,31.76,103.18,19,四川阿坝州理县
2019-09-13 18:34:55,3.3,26.13,101.92,13,四川凉山州会理县
2019-09-13 16:02:52,2.7,24.51,102.49,7,云南昆明市晋宁区
2019-09-12 20:17:53,4,28.41,104.78,10,四川宜宾市珙县
2019-09-10 18:14:14,2.9,29.6,104.82,10,四川内江市资中县
2019-09-10 01:44:26,2.7,27.12,103.13,5,云南昭通市巧家县
2019-09-10 01:27:43,4,29.51,104.49,11,四川自贡市荣县
2019-09-08 10:36:22,4.3,29.51,104.53,7,四川内江市威远县
2019-09-08 06:42:13,5.4,29.55,104.79,10,四川内江市威远县
2019-09-08 06:36:03,3,29.59,104.82,9,四川内江市资中县
2019-09-06 15:25:33,3.9,28.44,104.8,7,四川宜宾市长宁县
2019-09-01 09:04:50,3.1,28.51,98.88,9,云南迪庆州德钦县
2019-08-31 06:24:54,3.9,23.34,101.99,8,云南玉溪市元江县
2019-08-29 15:30:35,3.4,25.89,100.07,11,云南大理州大理市
2019-08-25 13:56:40,3.2,25.11,99.51,9,云南保山市昌宁县
2019-08-18 20:41:19,3.3,28.42,104.78,8,四川宜宾市珙县
2019-08-15 13:26:25,2.9,28.41,104.8,9,四川宜宾市珙县
2019-08-13 06:31:53,4.1,28.36,104.87,12,四川宜宾市长宁县
2019-08-13 01:47:27,3.2,28.22,100.62,13,四川凉山州木里县
2019-08-07 19:25:16,3,33.58,105.73,12,甘肃陇南市成县
2019-08-03 19:16:18,3,27.38,101.39,19,四川凉山州盐源县
2019-07-30 05:16:15,3.3,27.15,102.87,15,四川凉山州宁南县
2019-07-30 01:04:34,3.8,28.17,104.74,8,四川宜宾市珙县
2019-07-29 04:14:07,3,30.84,103.24,17,四川成都市崇州市
2019-07-28 02:21:54,2.8,27.4,104.21,12,云南昭通市彝良县
2019-07-25 16:27:35,2.8,23.15,101.16,8,云南普洱市宁洱县
2019-07-24 04:23:14,2.8,33.96,104.68,12,甘肃陇南市宕昌县
2019-07-23 22:25:24,3,28.38,104.94,6,四川宜宾市长宁县
2019-07-22 16:26:36,4.1,28.35,104.91,9,四川宜宾市长宁县
2019-07-22 16:19:00,3,28.38,104.84,8,四川宜宾市长宁县
2019-07-21 22:51:55,3.4,26.19,100.59,14,云南丽江市永胜县
2019-07-21 20:23:28,4.9,26.16,100.62,10,云南丽江市永胜县
2019-07-21 06:51:31,3,23.34,101.97,8,云南红河州红河县
2019-07-19 01:21:28,3.2,28.14,104.74,11,四川宜宾市筠连县
2019-07-18 17:18:41,3,28.42,104.78,7,四川宜宾市珙县
2019-07-17 11:46:41,3.2,26.59,100.17,10,云南大理州鹤庆县
2019-07-16 18:12:56,3,28.42,104.83,5,四川宜宾市长宁县
2019-07-15 16:48:33,2.9,28.2,104.77,8,四川宜宾市珙县
2019-07-14 23:13:07,2.9,22.46,106.58,6,广西崇左市龙州县
2019-07-14 18:17:18,3,28.38,104.83,7,四川宜宾市长宁县
2019-07-13 04:45:49,2.9,29.44,104.54,8,四川内江市威远县
2019-07-09 19:14:54,2.8,28.41,104.78,7,四川宜宾市珙县
2019-07-08 00:37:40,3.2,28.41,104.86,4,四川宜宾市长宁县
2019-07-07 16:22:42,2.8,28.42,104.76,11,四川宜宾市珙县
2019-07-04 18:01:42,3,28.13,105.02,7,四川宜宾市兴文县
2019-07-04 10:25:30,3.1,28.4,104.77,8,四川宜宾市珙县
2019-07-04 10:17:58,5.6,28.41,104.74,8,四川宜宾市珙县
2019-07-04 07:34:05,3.1,28.4,104.85,8,四川宜宾市长宁县
2019-07-03 19:00:04,3,28.4,104.8,15,四川宜宾市珙县
2019-07-03 12:26:53,4.8,28.4,104.85,10,四川宜宾市长宁县
2019-06-30 21:32:29,3.1,28.44,104.81,8,四川宜宾市长宁县
2019-06-30 12:14:25,3,28.43,104.77,9,四川宜宾市珙县
2019-06-30 03:09:29,3.1,31,98.96,7,四川甘孜州白玉县
2019-06-30 03:07:58,3.1,31.02,98.96,8,四川甘孜州白玉县
2019-06-29 22:08:17,3.4,28.43,104.76,8,四川宜宾市珙县
2019-06-27 16:01:19,3.9,28.21,104.93,14,四川宜宾市兴文县
2019-06-27 07:24:26,3,28.4,104.8,9,四川宜宾市珙县
2019-06-27 04:55:52,3.1,28.43,104.8,9,四川宜宾市长宁县
2019-06-26 00:33:39,3.3,28.42,104.8,13,四川宜宾市珙县
2019-06-26 00:33:16,3.4,28.39,104.81,8,四川宜宾市珙县
2019-06-25 20:45:34,2.9,28.42,104.79,8,四川宜宾市珙县
2019-06-24 21:24:21,4.7,24.98,101.67,10,云南楚雄州楚雄市
2019-06-24 09:23:15,4.1,28.44,104.8,10,四川宜宾市长宁县
2019-06-24 07:34:58,3.8,28.37,104.83,9,四川宜宾市珙县
2019-06-24 04:47:22,3.2,28.44,104.81,10,四川宜宾市长宁县
2019-06-23 16:06:49,3.1,28.36,104.85,10,四川宜宾市长宁县
2019-06-23 08:28:17,4.6,28.39,104.82,14,四川宜宾市珙县
2019-06-23 00:12:51,3,28.44,104.81,11,四川宜宾市长宁县
2019-06-22 23:25:35,3,28.47,104.81,13,四川宜宾市长宁县
2019-06-22 22:29:56,5.4,28.43,104.77,10,四川宜宾市珙县
2019-06-22 20:30:26,3.6,28.37,104.83,8,四川宜宾市珙县
2019-06-22 09:29:24,3.4,28.4,104.81,7,四川宜宾市珙县
2019-06-22 09:28:04,3.2,28.41,104.82,8,四川宜宾市珙县
2019-06-22 04:09:54,3,28.42,104.8,8,四川宜宾市珙县
2019-06-21 15:09:55,3.6,28.43,104.78,8,四川宜宾市珙县
2019-06-21 12:03:51,3,29.61,104.76,9,四川内江市资中县
2019-06-21 10:01:36,3.1,28.41,104.8,8,四川宜宾市珙县
2019-06-21 06:56:49,3.4,28.43,104.81,10,四川宜宾市长宁县
2019-06-21 03:28:55,3,28.43,104.8,16,四川宜宾市长宁县
2019-06-21 03:24:50,2.9,28.46,104.79,10,四川宜宾市长宁县
2019-06-20 22:01:16,3.7,28.41,104.75,9,四川宜宾市珙县
2019-06-20 20:58:45,3.4,28.4,104.75,15,四川宜宾市珙县
2019-06-20 19:57:33,2.9,28.41,104.79,6,四川宜宾市珙县
2019-06-20 14:28:58,3.1,28.41,104.76,14,四川宜宾市珙县
2019-06-20 13:17:12,3.2,28.41,104.76,5,四川宜宾市珙县
2019-06-20 10:55:52,3.1,28.39,104.84,7,四川宜宾市长宁县
2019-06-20 03:55:31,3,28.42,104.76,9,四川宜宾市珙县
2019-06-20 01:44:31,3.4,28.41,104.77,8,四川宜宾市珙县
2019-06-19 13:57:12,2.9,28.41,104.77,7,四川宜宾市珙县
2019-06-19 04:39:14,3,28.38,104.89,8,四川宜宾市长宁县
2019-06-19 03:25:29,3,28.39,104.81,8,四川宜宾市珙县
2019-06-19 03:02:43,3,28.4,104.82,10,四川宜宾市珙县
2019-06-18 18:53:58,3.3,28.39,104.85,10,四川宜宾市长宁县
2019-06-18 14:38:35,3.7,28.43,104.75,10,四川宜宾市长宁县
2019-06-18 08:39:54,3.1,28.36,104.88,11,四川宜宾市长宁县
2019-06-18 08:14:52,3.7,28.39,104.8,10,四川宜宾市珙县
2019-06-18 07:34:33,5.3,28.37,104.89,17,四川宜宾市长宁县
2019-06-18 05:49:14,3.8,28.4,104.81,11,四川宜宾市珙县
2019-06-18 05:04:03,3.9,28.41,104.79,9,四川宜宾市珙县
2019-06-18 05:03:25,4.5,28.38,104.87,14,四川宜宾市长宁县
2019-06-18 04:13:54,3,28.36,104.88,9,四川宜宾市长宁县
2019-06-18 04:11:08,3.4,28.41,104.75,7,四川宜宾市珙县
2019-06-18 04:04:29,3.1,28.38,104.87,8,四川宜宾市长宁县
2019-06-18 02:58:18,3.1,28.39,104.81,9,四川宜宾市珙县
2019-06-18 01:10:38,2.9,28.4,104.84,8,四川宜宾市长宁县
2019-06-18 01:01:24,3.1,28.41,104.8,10,四川宜宾市珙县
2019-06-18 00:39:11,3.8,28.39,104.92,11,四川宜宾市长宁县
2019-06-18 00:37:55,4.2,28.39,104.87,10,四川宜宾市长宁县
2019-06-18 00:29:07,4.1,28.39,104.85,10,四川宜宾市长宁县
2019-06-17 23:36:01,5.1,28.43,104.77,16,四川宜宾市珙县
2019-06-17 23:23:31,3,28.4,104.9,8,四川宜宾市长宁县
2019-06-17 23:21:00,2.9,28.35,104.88,13,四川宜宾市长宁县
2019-06-17 23:09:01,3.6,28.39,104.84,10,四川宜宾市长宁县
2019-06-17 22:55:43,6,28.34,104.9,16,四川宜宾市长宁县
2019-06-16 20:51:13,3.6,33.33,103.75,7,四川阿坝州九寨沟县
2019-06-14 20:42:35,2.3,26.48,106.74,8,贵州贵阳市南明区(有感)
2019-06-05 16:07:06,3,28.11,103.64,5,云南昭通市永善县
2019-06-05 15:26:55,4.1,28.11,103.63,8,云南昭通市永善县
2019-06-05 00:32:53,2.9,33.32,105.19,10,甘肃陇南市武都区
2019-06-04 02:09:04,3,27.56,101.22,17,四川凉山州盐源县
2019-05-31 18:52:30,2.4,28.08,103.58,11,云南昭通市永善县
2019-05-30 11:51:22,2.5,25.55,105.71,6,贵州黔西南州贞丰县(有感)
2019-05-28 11:06:21,3.2,24.44,102.75,15,云南玉溪市江川区
2019-05-28 06:52:26,3,25.77,99,8,云南怒江州泸水市
2019-05-28 03:19:00,2.8,24.43,102.74,15,云南玉溪市江川区
2019-05-25 14:11:39,2.8,29.24,101.85,21,四川甘孜州九龙县
2019-05-25 00:17:29,2.8,26.94,102.94,12,云南昭通市巧家县
2019-05-19 12:27:33,2.8,28.07,103.61,5,云南昭通市永善县
2019-05-18 13:20:01,3,32.01,104.41,17,四川绵阳市北川县
2019-05-16 06:08:17,3.5,24.34,99.98,10,云南临沧市凤庆县
2019-05-16 04:33:31,4.7,28.07,103.53,10,云南昭通市永善县
2019-05-11 22:18:14,3.6,22.96,100.86,8,云南普洱市宁洱县
2019-05-04 04:26:14,2.8,32.97,105.54,11,甘肃陇南市武都区
2019-05-03 03:31:19,3.4,22.19,99.31,7,云南普洱市孟连县
2019-05-02 15:57:58,4.5,30.43,103.01,14,四川雅安市芦山县
2019-04-27 01:19:12,3.3,28.14,104.76,11,四川宜宾市珙县
2019-04-24 23:55:25,3.3,28.08,103.35,19,四川凉山州雷波县
2019-04-23 02:22:14,2.9,23.9,103.2,14,云南红河州弥勒市
2019-04-16 04:17:43,3.4,32.33,105.13,23,四川广元市青川县
2019-04-10 03:51:51,3.2,28.07,103.55,8,云南昭通市永善县
2019-04-08 16:27:44,3.1,22.63,100.35,9,云南普洱市澜沧县
2019-04-01 11:11:06,3.4,31.97,101.8,18,四川阿坝州马尔康市
2019-03-31 04:08:37,3.1,28.93,105.42,10,四川泸州市龙马潭区
2019-03-29 14:03:20,3,22.85,101.83,5,云南红河州绿春县
2019-03-17 11:46:24,3,28.2,104.84,8,四川宜宾市珙县
2019-03-08 19:14:30,3.3,29.45,104.53,8,四川内江市威远县
2019-03-08 03:37:19,4.4,23.94,99.31,11,云南临沧市永德县
2019-03-05 23:33:51,3.1,25.41,98.62,8,云南保山市腾冲市
2019-03-04 02:06:28,3,28.08,103.54,5,云南昭通市永善县
2019-02-27 09:26:02,2.8,26.07,99.6,10,云南大理州洱源县
2019-02-26 19:36:14,2.8,31.21,103.57,14,四川阿坝州汶川县
2019-02-25 13:15:59,4.9,29.48,104.49,5,四川自贡市荣县
2019-02-25 08:40:26,4.3,29.46,104.5,5,四川自贡市荣县
2019-02-24 05:38:10,4.7,29.47,104.49,5,四川自贡市荣县
2019-02-23 01:42:58,3,32.6,105.37,9,四川广元市青川县
2019-02-22 13:53:44,2.8,26.83,104.2,10,贵州毕节市威宁县
2019-02-22 13:41:56,3.1,26.83,104.19,10,贵州毕节市威宁县
2019-02-16 23:51:55,2.9,28.47,99.44,5,云南迪庆州香格里拉市
2019-02-13 17:29:35,3.1,23.32,101.99,6,云南红河州红河县
2019-02-12 22:49:56,4.4,22.85,101.4,5,云南普洱市宁洱县
2019-02-12 22:47:07,2.9,22.84,101.42,5,云南普洱市宁洱县
2019-02-12 10:55:21,3.3,29.57,104.76,6,四川内江市威远县
2019-02-12 10:52:42,2.9,29.58,104.79,3,四川内江市威远县
2019-02-10 05:36:01,3.3,31.63,104.01,21,四川德阳市绵竹市
2019-02-08 18:00:45,3.6,29.04,102.38,21,四川雅安市石棉县
2019-02-08 00:29:12,3.3,29.59,104.8,5,四川内江市资中县
2019-02-02 05:26:06,4.1,27.11,100.93,15,云南丽江市宁蒗县
2019-02-01 12:12:29,3.8,31.37,98.47,7,西藏昌都市江达县
2019-01-30 19:07:12,3.1,28.47,99.36,13,四川甘孜州得荣县
2019-01-30 09:53:37,3.2,32.28,104.97,18,四川绵阳市平武县
2019-01-25 12:29:48,2.9,25.85,99.18,8,云南大理州云龙县
2019-01-23 14:40:37,3.2,29.5,104.49,5,四川自贡市荣县
2019-01-21 21:37:31,3,28.91,105.44,5,四川泸州市龙马潭区
2019-01-20 08:35:49,3.4,30.83,103.2,21,四川成都市崇州市
2019-01-20 00:38:23,3.4,28.23,104.86,5,四川宜宾市珙县
2019-01-17 13:36:30,2.9,23.1,104.15,27,云南文山州马关县
2019-01-17 05:08:00,3.1,26.72,102.68,8,四川凉山州会东县
2019-01-16 12:43:16,3.2,26.06,105.26,10,贵州六盘水市六枝特区
2019-01-15 23:52:23,3.1,28.07,105.02,9,云南昭通市威信县
2019-01-11 17:49:50,3.8,31.77,102.27,18,四川阿坝州马尔康市
2019-01-08 08:56:05,2.9,28.47,99.36,20,四川甘孜州得荣县
2019-01-08 08:49:24,3.6,28.49,99.38,21,四川甘孜州得荣县
2019-01-08 01:15:36,3.5,26.09,100.23,5,云南大理州鹤庆县
2019-01-07 19:13:05,3.1,29.44,104.46,4,四川自贡市荣县
2019-01-07 06:31:34,2.9,23.09,100.94,5,云南普洱市宁洱县
2019-01-06 22:46:32,3.6,23.09,100.94,7,云南普洱市宁洱县
2019-01-05 20:37:30,3.1,30.65,99.6,7,四川甘孜州白玉县
2019-01-04 15:59:31,3.2,28.36,104.93,6,四川宜宾市长宁县
2019-01-04 06:17:43,3.4,25.86,99.16,12,云南大理州云龙县
2019-01-03 08:48:06,5.3,28.2,104.86,15,四川宜宾市珙县
2018-12-31 20:46:51,3,23.23,101.64,5,云南普洱市墨江县
2018-12-30 02:53:56,3.2,29.47,104.56,7,四川内江市威远县
2018-12-29 11:01:38,3,29.46,104.56,11,四川内江市威远县
2018-12-28 16:21:08,3.8,28.15,104.65,7,四川宜宾市筠连县
2018-12-27 15:30:07,3.6,22.55,102.11,7,云南普洱市江城县
2018-12-23 22:22:40,2.8,28.1,103.61,5,云南昭通市永善县
2018-12-22 04:39:13,2.9,33.19,104.21,17,四川阿坝州九寨沟县
2018-12-18 12:39:55,2.9,28.22,104.93,5,四川宜宾市兴文县
2018-12-16 20:16:24,3.2,28.23,104.94,10,四川宜宾市兴文县
2018-12-16 12:46:07,5.7,28.24,104.95,12,四川宜宾市兴文县
2018-12-14 01:42:40,3,29.57,98.83,10,西藏昌都市芒康县
2018-12-14 01:38:15,3,29.61,98.8,8,西藏昌都市芒康县
2018-12-14 01:15:05,3.6,29.59,98.81,7,西藏昌都市芒康县
2018-12-13 23:39:42,4.4,29.61,98.82,10,西藏昌都市芒康县
2018-12-13 23:32:50,4.9,29.62,98.81,8,西藏昌都市芒康县
2018-12-06 06:23:34,2.9,23.92,99.61,5,云南临沧市耿马县
2018-12-04 16:36:18,3,24.43,98.43,14,云南德宏州芒市
2018-12-03 17:17:48,2.8,22.34,101.56,5,云南西双版纳州勐腊县
2018-11-28 12:29:00,2.8,28.1,105.11,5,四川宜宾市兴文县
2018-11-27 06:41:53,3.5,23.49,99.46,8,云南临沧市耿马县
2018-11-26 14:08:29,3.2,29.49,104.49,8,四川自贡市荣县
2018-11-22 13:09:44,2.6,28.11,105.06,10,四川宜宾市兴文县
2018-11-20 06:01:11,3.3,27.69,102.07,14,四川凉山州西昌市
2018-11-19 22:29:50,2.9,27.08,103.27,6,云南昭通市巧家县
2018-11-12 10:26:42,3.2,28.23,104.96,7,四川宜宾市兴文县
2018-11-09 00:06:18,3.1,24.2,102.71,7,云南玉溪市通海县
2018-11-04 08:08:09,3,30.6,100.39,8,四川甘孜州新龙县
2018-10-31 16:29:55,5.1,27.7,102.08,19,四川凉山州西昌市
2018-10-30 05:00:05,3.3,28.11,103.55,14,云南昭通市永善县
2018-10-28 08:25:16,2.9,28.08,103.54,5,云南昭通市永善县
2018-10-26 01:31:36,2.8,25.78,100.66,7,云南大理州宾川县
2018-10-24 17:58:47,3.2,28.92,105.43,6,四川泸州市龙马潭区
2018-10-23 14:44:28,3,29.4,104.46,5,四川自贡市荣县
2018-10-21 08:20:57,3.1,25.17,99.49,10,云南大理州永平县
2018-10-17 13:29:18,4.5,25.89,102.21,11,云南楚雄州武定县
2018-10-16 18:57:08,3.2,23.31,101.57,6,云南普洱市墨江县
2018-10-14 05:08:41,2.8,31.31,103.45,16,四川阿坝州汶川县
2018-10-08 22:01:28,3.2,23.38,101.61,8,云南普洱市墨江县
2018-10-05 17:22:48,2.9,31.22,103.73,20,四川成都市彭州市
2018-09-26 18:32:47,3.2,26.21,104.72,8,贵州六盘水市水城县
2018-09-26 01:15:39,3.2,29.46,104.52,5,四川自贡市荣县
2018-09-23 23:43:29,3.2,27.92,101.36,9,四川凉山州木里县
2018-09-21 09:51:58,3.4,29.46,104.52,5,四川自贡市荣县
2018-09-12 19:06:34,5.3,32.75,105.69,11,陕西汉中市宁强县
2018-09-08 10:35:58,4.7,23.28,101.6,15,云南普洱市墨江县
2018-09-08 10:34:25,4.1,23.27,101.57,11,云南普洱市墨江县
2018-09-08 10:31:29,5.9,23.28,101.53,11,云南普洱市墨江县
2018-09-07 02:47:11,3.1,22.25,100.08,5,云南普洱市澜沧县
2018-08-30 16:40:23,2.9,27.13,100.02,11,云南迪庆州香格里拉市
2018-08-29 04:46:42,3.7,27.92,101.39,18,四川凉山州木里县
2018-08-28 23:30:07,3.1,27.93,101.42,13,四川凉山州木里县
2018-08-28 13:56:06,3.2,23.06,100.96,5,云南普洱市宁洱县
2018-08-27 16:50:56,2.2,28.03,105.09,6,云南昭通市威信县
2018-08-22 18:21:50,2.9,22.7,101.17,9,云南普洱市思茅区
2018-08-19 20:31:17,2.8,30.37,103.3,23,四川成都市邛崃市
2018-08-19 09:16:59,3,22.68,101.19,5,云南普洱市思茅区
2018-08-18 01:36:37,3.8,27.42,103.96,7,贵州毕节市威宁县
2018-08-15 21:28:11,4.4,27.43,104,10,贵州毕节市威宁县
2018-08-14 03:52:31,3,24.19,102.72,7,云南玉溪市通海县
2018-08-14 03:50:36,5,24.19,102.71,6,云南玉溪市通海县
2018-08-13 10:40:13,2.9,24.2,102.72,7,云南玉溪市通海县
2018-08-13 02:30:23,2.8,24.19,102.71,7,云南玉溪市通海县
2018-08-13 01:49:23,3.5,24.18,102.72,9,云南玉溪市通海县
2018-08-13 01:48:17,3.3,24.19,102.71,6,云南玉溪市通海县
2018-08-13 01:44:24,5,24.19,102.71,7,云南玉溪市通海县
2018-08-11 14:11:30,3.8,28.63,103.31,17,四川乐山市马边县
2018-08-11 01:17:30,3.2,27.23,103.89,14,贵州毕节市威宁县
2018-08-10 18:30:56,3,27.25,103.95,20,贵州毕节市威宁县
2018-08-10 17:09:53,2.9,28.13,104.87,6,四川宜宾市珙县
2018-08-05 20:01:17,3,27.94,101.32,13,四川凉山州木里县
2018-08-04 22:56:43,3.7,27.93,101.35,12,四川凉山州木里县
2018-08-02 22:34:21,2.9,32.97,105.59,9,甘肃陇南市武都区
2018-08-01 17:38:00,2.9,25.46,105.82,10,贵州黔西南州贞丰县
2018-07-30 14:00:05,3,24.3,104.18,5,云南文山州丘北县
2018-07-29 15:42:49,3.1,24.31,104.21,5,云南文山州丘北县
2018-07-23 07:02:03,4.2,29.55,104.55,14,四川内江市威远县
2018-07-23 06:43:49,3.6,29.55,104.54,13,四川内江市威远县
2018-07-22 08:44:13,3.7,33.12,102.34,15,四川阿坝州阿坝县
2018-07-16 05:29:28,2.9,28.13,103.51,5,云南昭通市永善县
2018-07-09 03:31:32,2.9,29.66,104.31,18,四川内江市威远县
2018-07-06 13:19:45,3.6,30.36,103.28,23,四川成都市邛崃市
2018-07-06 12:49:46,3.1,30.35,103.29,23,四川成都市邛崃市
2018-06-29 08:42:18,4,32.17,104.57,18,四川绵阳市平武县
2018-06-16 03:30:39,3,22.61,99.88,8,云南普洱市澜沧县
2018-06-15 09:49:33,2.9,29.58,104.77,9,四川内江市威远县
2018-06-15 01:51:59,2.8,27.09,103.46,5,云南昭通市鲁甸县
2018-06-09 11:56:42,2.9,22.88,100.37,13,云南普洱市景谷县
2018-06-08 11:11:38,3.4,33.2,98.79,8,四川甘孜州石渠县
2018-06-07 04:12:00,3,23.09,100.93,7,云南普洱市宁洱县
2018-05-24 21:13:50,3,22.08,98.95,11,缅甸
2018-05-24 04:21:20,2.4,28.38,104.78,6,四川宜宾市珙县
2018-05-21 21:27:30,2.8,23.78,103.34,7,云南红河州开远市
2018-05-18 15:12:29,3,29.57,104.57,10,四川内江市威远县
2018-05-18 06:55:54,2.9,27.41,103.98,9,贵州毕节市威宁县
2018-05-18 06:30:35,2.8,28.3,104.82,5,四川宜宾市珙县
2018-05-18 02:40:28,3,27.4,103.99,12,贵州毕节市威宁县
2018-05-16 16:46:40,4.3,29.18,102.27,9,四川雅安市石棉县
2018-05-16 16:46:11,4.3,29.19,102.28,11,四川雅安市石棉县
2018-05-16 16:44:02,3.2,29.2,102.26,9,四川雅安市石棉县
2018-05-16 16:26:00,3.3,25.07,99.53,8,云南保山市昌宁县
2018-05-08 23:11:32,3.8,28.12,103.47,13,云南昭通市永善县
2018-05-05 14:36:52,2.4,28.39,104.79,5,四川宜宾市珙县
2018-05-05 00:36:45,3.4,28.38,104.78,11,四川宜宾市珙县
2018-05-04 20:51:01,2.9,28.39,104.78,7,四川宜宾市珙县
2018-05-04 08:19:03,3.7,22.37,101.38,8,云南西双版纳州景洪市
2018-05-02 07:10:51,3.3,32.6,105.37,13,四川广元市青川县
2018-05-02 04:28:44,3.2,28.5,102.71,21,四川凉山州越西县
2018-05-01 14:20:44,3.1,31.25,99.73,10,四川甘孜州白玉县
2018-05-01 11:25:02,2.9,25.81,99.85,13,云南大理州漾濞县
2018-04-29 16:01:42,2.8,27.07,103.24,5,云南昭通市巧家县
2018-04-21 05:14:27,3.2,31.72,104.14,14,四川阿坝州茂县
2018-04-15 22:46:32,2.9,29.36,105.43,8,重庆荣昌区
2018-04-15 12:37:03,2.8,26.35,99.99,13,云南大理州洱源县
2018-04-13 18:16:53,3.3,31.03,103.21,22,四川阿坝州汶川县
2018-04-11 06:26:50,2.1,28.57,106.71,10,重庆綦江区（有感）
2018-04-10 12:31:27,2.6,31.74,104.3,28,四川绵阳市安州区
2018-04-05 15:46:42,2.4,29.58,104.76,17,四川内江市威远县
2018-04-04 12:10:29,2.3,25.51,106.85,15,贵州黔南州罗甸县
2018-04-01 21:10:13,3.7,25.21,101.77,7,云南楚雄州禄丰县
2018-03-30 09:28:13,3,29.52,104.56,11,四川内江市威远县
2018-03-29 12:08:45,2.6,30.48,101.55,9,四川甘孜州道孚县
2018-03-26 12:43:53,2.9,24.41,98.8,13,云南保山市龙陵县
2018-03-26 08:05:33,2.8,30.48,101.55,11,四川甘孜州道孚县
2018-03-25 08:40:39,3.3,28.92,105.45,6,四川泸州市龙马潭区
2018-03-20 01:37:13,2.5,30.31,102.92,19,四川雅安市芦山县
2018-03-18 12:29:25,3.1,33.24,103.79,5,四川阿坝州九寨沟县
2018-03-18 03:31:00,3.3,28.09,104.72,13,四川宜宾市筠连县
2018-03-17 10:16:49,2.9,29.58,104.76,17,四川内江市威远县
2018-03-15 14:01:02,3.3,29.6,104.78,6,四川内江市资中县
2018-03-14 11:15:04,3.7,25.09,98.85,12,云南保山市隆阳区
2018-03-10 06:08:37,3.6,23.63,98.43,5,缅甸
2018-03-10 00:39:11,3,29.58,104.78,5,四川内江市威远县
2018-03-09 13:46:55,2.8,29.61,104.77,5,四川内江市资中县
2018-03-08 04:51:54,3.2,23.65,98.43,5,缅甸
2018-03-02 01:20:01,2.9,27.1,103.14,6,云南昭通市巧家县
2018-02-27 22:37:22,2.8,31.33,103.52,15,四川阿坝州汶川县
2018-02-27 21:42:30,3.4,31.61,103.45,15,四川阿坝州理县
2018-02-27 03:00:53,3.1,29.41,102.15,10,四川省雅安市石棉县
2018-02-24 17:55:33,3.5,30.47,101.54,22,四川甘孜州道孚县
2018-02-22 08:10:48,4.2,30.46,101.55,18,四川甘孜州道孚县
2018-02-20 22:09:57,4,24.47,100.79,6,云南普洱市景东县
2018-02-18 11:44:11,4.4,32.29,105.02,19,四川广元市青川县
2018-02-15 11:27:41,4,27.24,99.98,12,云南迪庆州香格里拉市
2018-02-09 22:58:05,4.9,22.32,100.89,12,云南西双版纳州景洪市
2018-02-06 15:03:23,3.5,27.95,101.32,16,四川凉山州木里县
2018-02-05 18:46:53,3.2,32.11,101.03,8,四川阿坝州壤塘县(有感)
2018-02-01 22:28:01,2.3,28.92,106.96,6,重庆綦江区（有感）
2018-01-27 06:35:54,3.1,24.87,98.94,9,云南保山市隆阳区
2018-01-20 08:36:52,3.2,32.05,104.42,11,四川绵阳市北川县
2018-01-19 01:52:55,3.1,32.59,105.35,10,四川广元市青川县
2018-01-11 22:13:31,3.1,23.93,99.6,5,云南临沧市永德县
2018-01-05 19:28:50,3.1,29.9,106.4,8,重庆北碚区
2018-01-04 05:35:33,4.6,23.93,99.32,10,云南临沧市永德县
2018-01-01 17:13:08,2.5,31.26,103.45,10,四川阿坝州汶川县
2017-12-30 12:13:18,3.4,27.91,101.42,16,四川凉山州盐源县
2017-12-21 23:27:04,1.9,29.39,105.49,9,重庆荣昌区(有感)
2017-12-19 18:58:36,3.1,26.44,102.74,23,四川凉山州会东县
2017-12-19 03:01:25,2.9,31.96,104.28,18,四川绵阳市北川县
2017-12-10 08:14:12,2.7,33.25,103.75,20,四川阿坝州九寨沟县
2017-12-08 13:02:05,3.3,29.36,98.72,5,西藏昌都市芒康县
2017-12-07 21:07:54,2.6,31.54,100.48,7,四川甘孜州炉霍县
2017-12-03 05:10:17,2.9,27.93,101.41,13,四川凉山州木里县
2017-11-29 20:52:10,3.1,33.14,103.85,10,四川阿坝州九寨沟县
2017-11-20 05:47:08,3.1,29.39,104.05,15,四川乐山市犍为县
2017-11-19 09:15:47,3.2,32.2,104.58,11,四川绵阳市平武县
2017-11-10 11:03:14,4.2,31.54,103.97,19,四川德阳市绵竹市
2017-11-07 05:31:08,4.5,33.21,103.79,16,四川阿坝州九寨沟县
2017-11-06 08:34:13,3.8,31.22,103.7,17,四川成都市彭州市
2017-10-31 11:52:31,2.9,31.55,103.87,17,四川阿坝州茂县
2017-10-25 22:29:37,3,27.9,101.43,13,四川凉山州盐源县
2017-10-21 21:58:11,2.9,30.07,102.99,6,四川雅安市雨城区
2017-10-19 00:45:11,2.9,32.67,105.42,9,四川广元市青川县
2017-10-18 02:54:20,3.3,28.33,102.83,18,四川凉山州昭觉县
2017-10-14 11:02:14,3.2,33.22,103.8,12,四川阿坝州九寨沟县
2017-10-13 04:03:50,3.6,32.51,105.52,16,四川广元市青川县
2017-10-06 18:25:34,4,33.23,103.8,20,四川阿坝州九寨沟县
2017-10-05 10:42:43,2.9,26.17,100.58,9,云南丽江市永胜县
2017-10-05 07:48:04,2.5,29.4,105.53,11,重庆荣昌区（有感）
2017-10-05 03:18:11,3.3,33.29,103.78,17,四川阿坝州九寨沟县
2017-10-03 19:17:46,4.1,23.14,106.17,8,广西百色市靖西市
2017-09-30 14:14:37,5.4,32.27,105,13,四川广元市青川县
2017-09-24 09:06:39,3.3,32.5,105.52,13,四川广元市青川县
2017-09-24 02:50:46,3.1,32.5,105.51,5,四川广元市青川县
2017-09-24 02:48:32,2.9,32.51,105.51,9,四川广元市青川县
2017-09-21 18:03:12,3,27.93,101.41,15,四川凉山州木里县
2017-09-18 23:37:05,2.8,33.23,103.77,11,四川阿坝州九寨沟县
2017-09-16 21:01:27,3.1,27.77,100.78,13,四川凉山州盐源县
2017-09-14 09:27:27,3,26.65,100.21,11,云南大理州鹤庆县
2017-09-13 07:59:41,3.3,33.26,103.81,23,四川阿坝州九寨沟县
2017-09-12 19:26:40,4.4,27.93,101.42,13,四川凉山州木里县
2017-09-12 19:25:59,3,27.91,101.39,15,四川凉山州木里县
2017-09-12 18:40:10,3.2,27.92,101.42,13,四川凉山州木里县
2017-09-12 00:35:04,3.6,28.93,105.42,2,四川泸州市龙马潭区
2017-09-09 23:58:50,3,33.29,103.75,10,四川阿坝州九寨沟县
2017-09-09 15:25:58,3.1,27.29,100.31,5,云南丽江市玉龙县
2017-09-08 16:03:16,2.8,27.04,100.9,11,云南丽江市宁蒗县
2017-09-07 12:15:29,3.3,33.11,103.91,22,四川阿坝州九寨沟县
2017-09-06 01:57:20,3.4,33.24,103.79,10,四川阿坝州九寨沟县
2017-08-30 21:46:17,3,27.9,101.37,8,四川凉山州木里县
2017-08-28 03:02:20,2.7,33.26,103.81,18,四川阿坝州九寨沟县
2017-08-27 08:58:13,3.4,33.2,103.74,15,四川阿坝州九寨沟县
2017-08-25 04:28:51,3,33.07,103.91,15,四川阿坝州九寨沟县
2017-08-24 18:53:56,3.1,24.43,99.51,5,云南保山市昌宁县
2017-08-23 09:13:26,2.6,29.39,105.5,12,重庆荣昌区(有感)
2017-08-19 19:52:10,3.4,33.11,103.91,19,四川阿坝州九寨沟县
2017-08-19 00:03:15,3,31.92,102.87,9,四川阿坝州黑水县
2017-08-18 07:34:05,3,32.53,105.14,17,四川广元市青川县
2017-08-16 18:44:04,2.9,27.08,103.15,5,云南昭通市巧家县
2017-08-16 02:01:33,3.4,25.82,98.84,8,云南怒江州泸水县
2017-08-15 16:06:27,3,33.11,103.88,17,四川阿坝州九寨沟县
2017-08-15 13:16:04,4,23.19,106.16,6,广西百色市靖西市
2017-08-13 22:38:31,3.4,33.08,103.9,18,四川阿坝州九寨沟县
2017-08-12 07:56:39,3.7,33.12,103.87,12,四川阿坝州九寨沟县
2017-08-11 19:26:21,3.4,33.1,103.87,26,四川阿坝州九寨沟县
2017-08-11 08:05:09,3,33.17,103.87,25,四川阿坝州九寨沟县
2017-08-10 17:48:34,4.1,33.22,103.85,26,四川阿坝州九寨沟县
2017-08-10 17:38:31,3,33.26,103.76,19,四川阿坝州九寨沟县
2017-08-10 15:30:09,2.8,33.14,103.86,26,四川阿坝州九寨沟县
2017-08-10 09:54:02,3.2,33.16,103.85,17,四川阿坝州九寨沟县
2017-08-10 05:05:54,4.3,33.16,103.85,26,四川阿坝州九寨沟县
2017-08-10 03:06:09,3,33.14,103.86,24,四川阿坝州九寨沟县
2017-08-10 03:02:13,3.7,33.22,103.79,19,四川阿坝州九寨沟县
2017-08-10 02:30:50,3.1,33.15,103.86,26,四川阿坝州九寨沟县
2017-08-09 20:03:03,3.1,33.16,103.87,24,四川阿坝州九寨沟县
2017-08-09 14:41:00,2.9,32.23,102.63,18,四川阿坝州黑水县
2017-08-09 10:17:02,4.8,33.16,103.86,26,四川阿坝州九寨沟县
2017-08-09 09:32:47,3.7,33.28,103.75,19,四川阿坝州九寨沟县
2017-08-09 09:22:14,3.8,33.16,103.85,19,四川阿坝州九寨沟县
2017-08-09 08:29:04,3.9,33.28,103.8,13,四川阿坝州九寨沟县
2017-08-09 08:10:09,3.7,33.12,103.87,23,四川阿坝州九寨沟县
2017-08-09 06:49:31,3.3,33.31,103.77,13,四川阿坝州九寨沟县
2017-08-09 06:49:03,3.2,33.11,103.88,18,四川阿坝州九寨沟县
2017-08-09 06:24:49,3,33.14,103.85,18,四川阿坝州九寨沟县
2017-08-09 05:41:09,3.3,33.14,103.83,10,四川阿坝州九寨沟县
2017-08-09 05:37:14,3.6,33.12,103.87,17,四川阿坝州九寨沟县
2017-08-09 05:16:02,3.6,33.3,103.76,10,四川阿坝州九寨沟县
2017-08-09 03:59:09,3,33.29,103.79,10,四川阿坝州九寨沟县
2017-08-09 00:35:17,3.2,33.13,103.85,20,四川阿坝州九寨沟县
2017-08-08 23:51:12,3.1,33.11,103.88,10,四川阿坝州九寨沟县
2017-08-08 23:49:18,3,33.28,103.78,9,四川阿坝州九寨沟县
2017-08-08 23:04:56,3.2,33.24,103.79,5,四川阿坝州九寨沟县
2017-08-08 21:41:34,3.3,33.18,103.85,9,四川阿坝州九寨沟县
2017-08-08 21:28:55,3.2,33.24,103.78,5,四川阿坝州九寨沟县
2017-08-08 21:19:46,7,33.2,103.82,20,四川阿坝州九寨沟县
2017-08-04 05:43:52,3.4,24.19,103.67,6,云南红河州弥勒市
2017-07-31 21:59:04,2.8,22.78,100.37,15,云南普洱市澜沧县
2017-07-30 08:04:07,3,28.13,104.68,8,四川宜宾市筠连县
2017-07-29 07:06:51,3.4,22.78,100.37,13,云南普洱市澜沧县
2017-07-27 13:15:44,2.9,22.73,101.2,13,云南普洱市思茅区
2017-07-27 01:45:40,2.9,26.98,100.78,5,云南丽江市宁蒗县
2017-07-26 04:49:11,2.9,32.12,104.5,20,四川绵阳市平武县
2017-07-20 17:37:21,3,32.42,105.36,23,四川广元市青川县
2017-07-19 16:47:56,2.6,28.65,106.72,11,重庆綦江区（有感）
2017-07-17 06:55:59,4.9,32.38,105.36,21,四川广元市青川县
2017-07-13 22:03:57,3.6,23.33,100.52,5,云南普洱市景谷县
2017-07-10 02:09:19,2.9,27.07,102.27,10,四川凉山州会理县
2017-07-02 14:34:56,4.1,25.12,101.71,5,云南楚雄州禄丰县
2017-07-02 05:59:55,2.9,23.23,101.38,5,云南普洱市墨江县
2017-07-02 03:40:57,2.9,27.08,103.24,8,云南昭通市巧家县
2017-06-26 08:47:43,3.6,28.16,104.67,14,四川宜宾市筠连县
2017-06-24 20:08:58,3.2,23.74,103.33,8,云南红河州开远市
2017-06-21 22:17:01,2.9,31.03,103.23,18,四川阿坝州汶川县
2017-06-21 09:05:21,2.8,26.17,100.56,9,云南丽江市永胜县
2017-06-12 23:31:32,3.4,22.85,101.82,5,云南红河州绿春县
2017-06-09 21:17:40,3.4,28.12,104.86,10,四川宜宾市珙县
2017-06-06 14:04:58,3.9,31.31,103.18,9,四川阿坝州汶川县
2017-06-04 14:51:21,3.1,32.49,105.27,15,四川广元市青川县
2017-06-03 09:38:17,2.9,29.78,100.35,11,四川甘孜州理塘县
2017-05-31 09:54:24,3,25.44,100.33,8,云南大理州巍山县
2017-05-25 04:53:36,3.1,23.77,103.36,6,云南红河州开远市
2017-05-22 18:15:13,3,33.92,106.06,12,甘肃陇南市徽县
2017-05-20 00:02:15,3.7,25.65,99.34,6,云南大理州云龙县
2017-05-18 20:45:08,3.3,31.79,104.35,8,四川绵阳市北川县
2017-05-18 03:27:23,3,28.98,103.16,12,四川乐山市峨边县
2017-05-16 00:20:02,4.4,33.05,99,10,四川甘孜州石渠县
2017-05-13 19:50:39,3.1,32.88,104.19,12,四川绵阳市平武县
2017-05-04 13:40:20,4.9,28.19,104.87,10,四川宜宾市珙县
2017-05-01 06:57:10,3.2,28.12,104.87,2,四川宜宾市珙县
2017-05-01 00:40:09,3.4,24.31,102.26,10,云南玉溪市峨山县
2017-04-29 22:20:43,3,28.16,104.85,10,四川宜宾市珙县
2017-04-28 22:30:07,2.9,26,99.68,12,云南大理州洱源县
2017-04-25 14:06:10,3.2,23.34,101.62,10,云南普洱市墨江县
2017-04-23 05:26:57,3.9,31.44,103.97,18,四川德阳市什邡市
2017-04-11 02:25:05,3.7,32.21,104.56,14,四川绵阳市平武县
2017-04-05 18:34:58,3.3,28.28,104.84,12,四川宜宾市珙县
2017-04-04 04:57:39,3.4,27.06,103.44,9,云南昭通市鲁甸县
2017-03-30 07:48:17,3.6,27.11,103.36,5,云南昭通市鲁甸县
2017-03-30 06:50:33,2.4,28.65,106.72,5,重庆綦江区（有感）
2017-03-27 09:10:26,4.3,25.85,99.81,12,云南大理州漾濞县
2017-03-27 09:09:29,3.1,25.85,99.81,12,云南大理州漾濞县
2017-03-27 08:50:21,3,25.9,99.79,11,云南大理州洱源县
2017-03-27 07:55:00,5.1,25.89,99.8,12,云南大理州漾濞县
2017-03-27 07:40:28,4.7,25.87,99.83,12,云南大理州漾濞县
2017-03-12 20:21:17,4.5,27.09,103.4,10,云南昭通市鲁甸县
2017-03-10 07:31:48,3,33.08,99.05,10,四川甘孜州石渠县
2017-03-02 17:37:37,2.9,24.38,100.77,13,云南普洱市景东县
2017-02-26 03:24:50,4,31.02,103.38,13,四川阿坝州汶川县
2017-02-20 07:11:42,3,26.21,99.51,7,云南大理州剑川县
2017-02-18 21:37:21,3.1,29.6,101.99,15,四川甘孜州泸定县
2017-02-17 11:12:26,3.1,29.6,102.01,10,四川甘孜州泸定县
2017-02-08 19:11:38,4.9,27.07,103.36,10,云南昭通市鲁甸县
2017-02-02 08:34:29,3.7,28.15,104.7,10,四川宜宾市筠连县
2017-01-28 02:46:32,4.9,28.09,104.72,11,四川宜宾市筠连县
2017-01-25 14:38:03,3.6,30.1,103.61,24,四川眉山市东坡区
2017-01-22 18:04:57,2.8,28.13,104.7,5,四川宜宾市筠连县
2017-01-20 21:32:58,2.6,29.39,102.15,13,四川雅安市石棉县
2017-01-19 03:26:06,2.5,28.15,104.69,10,四川宜宾市筠连县
2017-01-18 22:35:13,4.3,28.1,104.76,5,四川宜宾市筠连县
2017-01-17 01:34:00,3,22.62,100.36,12,云南普洱市澜沧县
2017-01-16 12:34:58,2.7,28.85,103.98,10,四川乐山市沐川县
2017-01-15 19:29:17,3.4,28.16,104.69,10,四川宜宾市筠连县
2017-01-15 19:20:53,3.7,28.14,104.73,10,四川宜宾市筠连县
2017-01-15 18:05:35,4.2,28.16,104.72,12,四川宜宾市珙县
2017-01-13 04:22:34,2.4,28.62,106.69,8,重庆綦江区（有感）
2017-01-05 05:41:57,3,26.95,103.13,11,云南昭通市巧家县
